"id","status","confidence","brand","canonicalModel","model","type","length","diameter","source","sourceUrl","evidence","note","amazonUrl","rakutenUrl"
"1","active","verifiedExternal","Anterique","Mini Ballpoint Pen II","Mini Ballpoint Pen II","ボールペン","100","10","ManualVerification","https://www.toolstoliveby.com.tw/en/stationery/ball-pen-roller-pen/mark-style-days-x-anterique-mini-ballpoint-pen-ii/","販売店/卸サイトでMini Ballpoint Pen II・Mini BP10/BP20系は全長10cm、直径10mm、0.5mm芯","追加調査。通常のAnterique BP1/BP2は141mmで対象外だが、Mini系は130mm以下","https://www.amazon.co.jp/s?k=Anterique%20Mini%20Ballpoint%20Pen%20II","https://search.rakuten.co.jp/search/mall/Anterique%20Mini%20Ballpoint%20Pen%20II/"
"2","active","verifiedExternal","ANTOU","Pen C mini","Pen C mini","ボールペン","129","11.5","ManualVerification","https://store.makuake.com/products/7864159961312","Makuake Store：直径約11.5mm、長さ約129mm(収納時)、136mm(キャップを尻軸)、116mm(キャップなし)","追加調査。ANTOUは台湾のデザイン文具ブランド。100種類以上の替芯対応","https://www.amazon.co.jp/s?k=ANTOU%20Pen%20C%20mini","https://search.rakuten.co.jp/search/mall/ANTOU%20Pen%20C%20mini/"
"3","exclude","verifiedExternal","ANTOU","Pen C","Pen C","ボールペン","144","12","ManualVerification","https://antou1010.com/product/penc/","ANTOU公式：with cap on 144mm、with cap attached behind 146mm、without cap 121mm、width Ø12mm","追加調査。通常サイズは収納時130mm超のため除外","https://www.amazon.co.jp/s?k=ANTOU%20Pen%20C","https://search.rakuten.co.jp/search/mall/ANTOU%20Pen%20C/"
"4","active","verifiedExternal","BENU","Pixie Fountain Pen","Pixie Fountain Pen","万年筆","90.6","17.8","ManualVerification","https://www.gouletpens.com/products/benu-pixie-fountain-pen-smoky-black","Goulet Pens：Length Overall Closed 90.6mm、Posted 120.2mm、Body 13.1mm、Cap 17.8mm","追加調査。BENUのポケット万年筆。径はキャップ最大径","https://www.amazon.co.jp/s?k=BENU%20Pixie%20Fountain%20Pen","https://search.rakuten.co.jp/search/mall/BENU%20Pixie%20Fountain%20Pen/"
"5","active","verifiedExternal","BENU","Minima Fountain Pen","Minima Fountain Pen","万年筆","126","17","ManualVerification","https://www.jetpens.com/BENU-Minima-Fountain-Pen-Black-Skull-Broad/pd/25600","JetPens：Length Capped 12.6cm、Diameter Max 17.0mm、Grip 9.8mm","追加調査。BENUの小型万年筆。キャップポスト不可","https://www.amazon.co.jp/s?k=BENU%20Minima%20Fountain%20Pen","https://search.rakuten.co.jp/search/mall/BENU%20Minima%20Fountain%20Pen/"
"6","active","verifiedExternal","BIGiDESIGN","Ti Pocket Pro","Ti Pocket Pro","ボールペン","118","11.6","ManualVerification","https://bigidesign.com/collections/under-120/products/ti-pocket-pro","公式：短いリフィル104.5mm、長いリフィル118mm。胴軸9.7mm、グリップ11.6mm","追加調査。リフィルにより長さが可変、最大でも130mm以下","https://www.amazon.co.jp/s?k=BIGiDESIGN%20Ti%20Pocket%20Pro","https://search.rakuten.co.jp/search/mall/BIGiDESIGN%20Ti%20Pocket%20Pro/"
"7","active","verifiedExternal","Caran d'Ache","849 Ballpoint","849 Ballpoint","ボールペン","127","7.6","ManualVerification","","Goldspot Pensほか複数ソース一致","ユーザー確認","https://www.amazon.co.jp/s?k=Caran%20d'Ache%20849%20Ballpoint","https://search.rakuten.co.jp/search/mall/Caran%20d'Ache%20849%20Ballpoint/"
"8","review","verifiedExternal","Caran d'Ache","Ecridor XS","Ecridor XS","ボールペン","","","ManualVerification","","追加候補","ユーザー確認候補。コンパクト版Ecridor","https://www.amazon.co.jp/s?k=Caran%20d'Ache%20Ecridor%20XS","https://search.rakuten.co.jp/search/mall/Caran%20d'Ache%20Ecridor%20XS/"
"9","active","verifiedExternal","Conklin","Minigraph Ballpoint Pen","Minigraph Ballpoint Pen","ボールペン","100","","ManualVerification","https://www.penboutique.com/products/conklin-minigraph-white-satin-ballpoint-pen","Pen Boutique：matching twist ballpoint measures just under 4 inches、D1 refill対応","追加調査。Conklin Minigraphのボールペン版","https://www.amazon.co.jp/s?k=Conklin%20Minigraph%20Ballpoint%20Pen","https://search.rakuten.co.jp/search/mall/Conklin%20Minigraph%20Ballpoint%20Pen/"
"10","active","verifiedExternal","Conklin","Minigraph Fountain Pen","Minigraph Fountain Pen","万年筆","100","12","ManualVerification","https://www.writeherekitenow.co.uk/conklin-minigraph-fountain-pen.html","Write Here：Length closed 100mm、Length posted 128mm。直径は元データ値","追加調査。Conklinのポケット万年筆。元候補にも存在","https://www.amazon.co.jp/s?k=Conklin%20Minigraph%20Fountain%20Pen","https://search.rakuten.co.jp/search/mall/Conklin%20Minigraph%20Fountain%20Pen/"
"11","review","manasCandidate","Conklin","Minigraph","Minigraph","万年筆","100","12","Manas","https://www.amazon.co.jp/s?k=conklin+minigraph","","既存Manas候補。公式/販売店根拠は未確認","https://www.amazon.co.jp/s?k=conklin+minigraph","https://search.rakuten.co.jp/search/mall/conklin+minigraph/"
"12","active","verifiedExternal","Craft A","OutFit-S Fountain Pen","OutFit-S Fountain Pen","万年筆","103","","ManualVerification","https://crafta840129.thebase.in/categories/3243784","Craft A公式ショップ：OutFit-S 全長（保管時）103mm、筆記時キャップなし100mm、キャップ装着時139mm","追加調査。クラフトエーOutFit万年筆S。590&Co.の旧商品では保管時105mm表記もあり、いずれも130mm以下","https://www.amazon.co.jp/s?k=Craft%20A%20OutFit-S%20Fountain%20Pen","https://search.rakuten.co.jp/search/mall/Craft%20A%20OutFit-S%20Fountain%20Pen/"
"13","active","verifiedExternal","Craft A","OutFit62-S Fountain Pen","OutFit62-S Fountain Pen","万年筆","107","12","ManualVerification","https://crafta840129.thebase.in/categories/6356847","Craft A公式ショップ：OutFit62-S 軸直径12mm、全長（保管時）107mm、筆記時キャップなし96mm、キャップ装着時127mm","追加調査。OutFit62のショートモデル。キャップ装着筆記時も127mmで130mm以下","https://www.amazon.co.jp/s?k=Craft%20A%20OutFit62-S%20Fountain%20Pen","https://search.rakuten.co.jp/search/mall/Craft%20A%20OutFit62-S%20Fountain%20Pen/"
"14","active","verifiedExternal","Craft A","OutFit-L Fountain Pen","OutFit-L Fountain Pen","万年筆","129","","ManualVerification","https://crafta840129.thebase.in/categories/3243784","Craft A公式ショップ：OutFit-L 全長（保管時）129mm、筆記時キャップなし125mm、キャップ装着時164mm","追加調査。クラフトエーOutFit万年筆L。木軸/レジンなど個体差はあるがシリーズ寸法として公式表記あり","https://www.amazon.co.jp/s?k=Craft%20A%20OutFit-L%20Fountain%20Pen","https://search.rakuten.co.jp/search/mall/Craft%20A%20OutFit-L%20Fountain%20Pen/"
"15","active","verifiedExternal","Craft A","OutFit62-L Fountain Pen","OutFit62-L Fountain Pen","万年筆","129","12","ManualVerification","https://crafta840129.thebase.in/categories/6356847","Craft A公式ショップ：OutFit62-L 軸直径12mm、全長（保管時）129mm、筆記時キャップなし118mm、キャップ装着時148mm","追加調査。OutFit62は軸直径12mmの派生シリーズ","https://www.amazon.co.jp/s?k=Craft%20A%20OutFit62-L%20Fountain%20Pen","https://search.rakuten.co.jp/search/mall/Craft%20A%20OutFit62-L%20Fountain%20Pen/"
"16","active","verifiedExternal","Craft Design Technology","Mechanical Pencil 038W (CDT Kerry)","Mechanical Pencil 038W (CDT Kerry)","シャープペン","125","11.8","ManualVerification","https://wpb.co.jp/products/cdt-038w-kelly-%E3%82%B1%E3%83%AA%E3%83%BC","販売店複数：H125×W15mm、軸径11.8mm、0.5mm芯。Pentel KerryをCDTが再デザイン","追加調査。CDT/クラフトデザインテクノロジーの038W。ケリー系だが独立して検索されるため別行","https://www.amazon.co.jp/s?k=Craft%20Design%20Technology%20Mechanical%20Pencil%20038W%20(CDT%20Kerry)","https://search.rakuten.co.jp/search/mall/Craft%20Design%20Technology%20Mechanical%20Pencil%20038W%20(CDT%20Kerry)/"
"17","discontinued","manasCandidate","Cross","Ion","Ion","ボールペン","90","13","Manas","https://www.amazon.co.jp/s?k=cross+ion+pen","","既存Manas候補。公式/販売店根拠は未確認","https://www.amazon.co.jp/s?k=cross+ion+pen","https://search.rakuten.co.jp/search/mall/cross+ion/"
"18","active","verifiedExternal","Filofax","Barley Ballpen","Barley Ballpen","ボールペン","107","9","ManualVerification","https://filofax.com/products/barley-ballpen-filofax","Filofax公式：Height 107mm、Width 9mm","追加調査。システム手帳向けの短軸ボールペン。公式では現在out of stock表示","https://www.amazon.co.jp/s?k=Filofax%20Barley%20Ballpen","https://search.rakuten.co.jp/search/mall/Filofax%20Barley%20Ballpen/"
"19","active","verifiedExternal","Fisher","Bullet Space Pen","Bullet Space Pen","ボールペン","96.5","9.5","ManualVerification","","複数ソース一致","ユーザー確認","https://www.amazon.co.jp/s?k=Fisher%20Bullet%20Space%20Pen","https://search.rakuten.co.jp/search/mall/Fisher%20Bullet%20Space%20Pen/"
"20","active","verifiedExternal","Fisher","Stowaway Space Pen","Stowaway Space Pen","ボールペン","98","6.5","ManualVerification","https://spacepen.ca/products/black-stowaway.html","Fisher Space Pen Canada：Length Closed 98mm、Length Open 127mm、Diameter 6.5mm","追加調査。Fisher最軽量クラスの短軸Space Pen","https://www.amazon.co.jp/s?k=Fisher%20Stowaway%20Space%20Pen","https://search.rakuten.co.jp/search/mall/Fisher%20Stowaway%20Space%20Pen/"
"21","active","verifiedExternal","Fisher","Trekker Space Pen","Trekker Space Pen","ボールペン","98","9.4","ManualVerification","","販売店/公式系情報で閉じた状態約98mm、直径約9.4mm","追加調査。キーリング/カラビナ付き携帯向けSpace Pen","https://www.amazon.co.jp/s?k=Fisher%20Trekker%20Space%20Pen","https://search.rakuten.co.jp/search/mall/Fisher%20Trekker%20Space%20Pen/"
"22","active","verifiedExternal","Fisher","Backpacker Space Pen","Backpacker Space Pen","ボールペン","111","10.2","ManualVerification","https://spacepen.ca/products/black-backpacker.html","Fisher Space Pen Canada：Length Closed 111mm、Length Open 143mm、Diameter 10.2mm","追加調査。キーリング付きの携帯向けSpace Pen","https://www.amazon.co.jp/s?k=Fisher%20Backpacker%20Space%20Pen","https://search.rakuten.co.jp/search/mall/Fisher%20Backpacker%20Space%20Pen/"
"23","exclude","verifiedExternal","Fisher","Cap-O-Matic Space Pen","Cap-O-Matic Space Pen","ボールペン","130.3","9.5","ManualVerification","https://spacepen.ca/products/lacquered-brass-cap-o-matic.html","Fisher系公式/販売店でClosed 5.13in、Diameter .38in","追加調査。約130.3mmで基準をわずかに超えるため除外","https://www.amazon.co.jp/s?k=Fisher%20Cap-O-Matic%20Space%20Pen","https://search.rakuten.co.jp/search/mall/Fisher%20Cap-O-Matic%20Space%20Pen/"
"24","exclude","verifiedExternal","Kakimori","Frost Fountain Pen","Frost Fountain Pen","万年筆","134","14","ManualVerification","https://kakimori.com/en/pages/spec-frost","Kakimori公式仕様：Dimensions H134 x Ø14mm","追加調査。カキモリ Frost。130mmを少し超えるため除外","https://www.amazon.co.jp/s?k=Kakimori%20Frost%20Fountain%20Pen","https://search.rakuten.co.jp/search/mall/Kakimori%20Frost%20Fountain%20Pen/"
"25","exclude","verifiedExternal","Kakimori","Frost Rollerball","Frost Rollerball","ローラーボール","134","14","ManualVerification","https://kakimori.com/en/pages/spec-frost","Kakimori公式仕様：Dimensions H134 x Ø14mm。万年筆/ローラーボール共通","追加調査。ボトルインク対応ローラーボール。130mmを少し超えるため除外","https://www.amazon.co.jp/s?k=Kakimori%20Frost%20Rollerball","https://search.rakuten.co.jp/search/mall/Kakimori%20Frost%20Rollerball/"
"26","active","official","Kaweco","Liliput Ballpoint","Liliput Ballpoint","ボールペン","97","","Official","https://www.kaweco-pen.com/en/Series/LILIPUT/","Closed length 9.7cm / opened length 12.6cm","公式シリーズページで確認","https://www.amazon.co.jp/s?k=Kaweco%20Liliput%20Ballpoint","https://search.rakuten.co.jp/search/mall/Kaweco%20Liliput%20Ballpoint/"
"27","active","official","Kaweco","Sport Ballpoint","Sport Ballpoint","ボールペン","105","","Official","https://www.kaweco-pen.com/en/series/classic-sport/","Sport series closed length 10.5cm","公式シリーズページでSport系の収納時長さを確認","https://www.amazon.co.jp/s?k=Kaweco%20Sport%20Ballpoint","https://search.rakuten.co.jp/search/mall/Kaweco%20Sport%20Ballpoint/"
"28","active","verifiedExternal","Kaweco","Liliput","Liliput","万年筆","97","9.1","ManualVerification","","キャップ時97mm、開いた状態87mm、ポスト時125mm。複数ソースで一致","ユーザー確認。複数ソース一致","https://www.amazon.co.jp/s?k=Kaweco%20Liliput","https://search.rakuten.co.jp/search/mall/Kaweco%20Liliput/"
"29","active","verifiedExternal","Kaweco","Supra","Supra","万年筆","99","11","ManualVerification","","短軸99mm、ロング構成130mm","ユーザー確認。モジュラー設計のため構成により長さが変わる","https://www.amazon.co.jp/s?k=Kaweco%20Supra","https://search.rakuten.co.jp/search/mall/Kaweco%20Supra/"
"30","active","verifiedExternal","Kaweco","AL Sport Ballpoint","AL Sport Ballpoint","ボールペン","104","13","ManualVerification","","Iguana Sell","ユーザー確認。Classic Sportと同サイズ帯","https://www.amazon.co.jp/s?k=Kaweco%20AL%20Sport%20Ballpoint","https://search.rakuten.co.jp/search/mall/Kaweco%20AL%20Sport%20Ballpoint/"
"31","active","verifiedExternal","Kaweco","ART Sport Fountain Pen","ART Sport Fountain Pen","万年筆","105","13","ManualVerification","https://www.kaweco-pen.com/en/series/art-sport/","Kaweco公式Art Sportシリーズページ。Sport系の収納時10.5cm、Art SportはFountain Penのみ展開","追加調査。アートスポーツ。標準展開化されたアクリルSport系モデル","https://www.amazon.co.jp/s?k=Kaweco%20ART%20Sport%20Fountain%20Pen","https://search.rakuten.co.jp/search/mall/Kaweco%20ART%20Sport%20Fountain%20Pen/"
"32","active","verifiedExternal","Kaweco","Brass Sport Ballpoint","Brass Sport Ballpoint","ボールペン","105","13","ManualVerification","","Sport系同サイズ","ユーザー確認。Classic Sportの真鍮版","https://www.amazon.co.jp/s?k=Kaweco%20Brass%20Sport%20Ballpoint","https://search.rakuten.co.jp/search/mall/Kaweco%20Brass%20Sport%20Ballpoint/"
"33","active","verifiedExternal","Kaweco","Classic Sport","Classic Sport","万年筆","105","12.7","ManualVerification","","複数ソース一致","ユーザー確認","https://www.amazon.co.jp/s?k=Kaweco%20Classic%20Sport","https://search.rakuten.co.jp/search/mall/Kaweco%20Classic%20Sport/"
"34","active","verifiedExternal","Kaweco","Classic Sport","Classic Sport Mechanical Pencil","シャープペン","105","13","ManualVerification","https://www.kaweco-pen.com/en/series/classic-sport/","Kaweco公式シリーズページにMechanical Pencilあり。Sport系は10.5cm","シャープペン追加候補。0.7mm","https://www.amazon.co.jp/s?k=Kaweco%20Classic%20Sport%20Mechanical%20Pencil","https://search.rakuten.co.jp/search/mall/Kaweco%20Classic%20Sport%20Mechanical%20Pencil/"
"35","active","verifiedExternal","Kaweco","Special Mini Mechanical Pencil","Special Mini Mechanical Pencil","シャープペン","105","10","ManualVerification","https://www.kaweco-pen.com/en/series/special/","Kaweco公式Special S Push Pencil。販売店・検索結果で105mm/直径10mm一致","シャープペン追加候補。0.5/0.7/0.9/2.0mm展開","https://www.amazon.co.jp/s?k=Kaweco%20Special%20Mini%20Mechanical%20Pencil","https://search.rakuten.co.jp/search/mall/Kaweco%20Special%20Mini%20Mechanical%20Pencil/"
"36","active","verifiedExternal","Kaweco","Original Fountain Pen","Original Fountain Pen","万年筆","126","13.5","ManualVerification","https://www.kaweco-pen.com/en/pens/fountain-pens/880/kaweco-original-fountain-pen-060-black-chrome","Kaweco公式：Original 060/250 Fountain Pen Length 12.6cm、Diameter without clip 13.5mm","追加調査。Original 060/250は同寸法。収納時130mm以下","https://www.amazon.co.jp/s?k=Kaweco%20Original%20Fountain%20Pen","https://search.rakuten.co.jp/search/mall/Kaweco%20Original%20Fountain%20Pen/"
"37","exclude","verifiedExternal","Kaweco","Original Ballpoint Pen","Original Ballpoint Pen","ボールペン","132","12","ManualVerification","","販売店複数でOriginal Ballpointは約132mm、直径約11.5〜12mm","追加調査。130mm超のため除外","https://www.amazon.co.jp/s?k=Kaweco%20Original%20Ballpoint%20Pen","https://search.rakuten.co.jp/search/mall/Kaweco%20Original%20Ballpoint%20Pen/"
"38","active","official","LAMY","pico","pico","ボールペン","124","12","Official","https://www.lamy.com/en-us/p/lamy-pico-ballpoint-pen","Size 12 x 12 x 124 mm","公式グローバル商品ページ。収納時92mmは公式検索では未確認","https://www.amazon.co.jp/s?k=LAMY%20pico","https://search.rakuten.co.jp/search/mall/LAMY%20pico/"
"39","review","verifiedExternal","LAMY","Scribble Pencil","Scribble Pencil","シャープペン","118","14","ManualVerification","https://www.jetpens.com/LAMY-Scribble-Drafting-Pencil-3.15-mm-Aluminum-Clip/pd/3044","JetPens：長さ約11.8cm、最大径14.0mm","シャープペン追加候補。3.15mm芯。廃番/現行性は要確認","https://www.amazon.co.jp/s?k=LAMY%20Scribble%20Pencil","https://search.rakuten.co.jp/search/mall/LAMY%20Scribble%20Pencil/"
"40","review","verifiedExternal","LAMY","Scribble","Scribble","ボールペン","120","13","ManualVerification","","推定値。公式寸法未確認","ユーザー確認。廃番・reviewのまま","https://www.amazon.co.jp/s?k=LAMY%20Scribble","https://search.rakuten.co.jp/search/mall/LAMY%20Scribble/"
"41","review","verifiedExternal","LAMY","Tipo","Tipo","ボールペン","128","11","ManualVerification","","公式寸法未確認","ユーザー確認。reviewのまま","https://www.amazon.co.jp/s?k=LAMY%20Tipo","https://search.rakuten.co.jp/search/mall/LAMY%20Tipo/"
"42","duplicate","rakutenEvidence","LAMY","pico","Pico 油性ボールペン 4カラー l287-l288","ボールペン","92","","Rakuten","https://item.rakuten.co.jp/bunbougu-shibuya/l28","携帯時は全長わずか92mmのコンパクトな","楽天商品ページに全長根拠あり","https://www.amazon.co.jp/s?k=LAMY%20Pico%20%E6%B2%B9%E6%80%A7%E3%83%9C%E3%83%BC%E3%83%AB%E3%83%9A%E3%83%B3%204%E3%82%AB%E3%83%A9%E3%83%BC%20l287-l288","https://item.rakuten.co.jp/bunbougu-shibuya/l28"
"43","duplicate","rakutenEvidence","LAMY","pico","ラミー ピコ LAMY pico 油性ボールペン L289B クロームメッキ/ブラック/ホワイト/インペリアルブルー ノックタイプ ギフト プレゼント お祝い 記念 誕生日 男性 女性 就職 入学 卒業 高級筆記具 オフィス 先生へ 上司へ","ボールペン","92","12.5","Rakuten","https://item.rakuten.co.jp/auc-youstyle/l289b-u","【名入れ可】【包装可】【ポケットに収まるドイツの英知】【油性ボールペン】携帯時は全長わずか92mmのコンパクト設計。","楽天商品ページに全長根拠あり","https://www.amazon.co.jp/s?k=LAMY%20%E3%83%A9%E3%83%9F%E3%83%BC%20%E3%83%94%E3%82%B3%20LAMY%20pico%20%E6%B2%B9%E6%80%A7%E3%83%9C%E3%83%BC%E3%83%AB%E3%83%9A%E3%83%B3%20L289B%20%E3%82%AF%E3%83%AD%E3%83%BC%E3%83%A0%E3%83%A1%E3%83%83%E3%82%AD%2F%E3%83%96%E3%83%A9%E3%83%83%E3%82%AF%2F%E3%83%9B%E3%83%AF%E3%82%A4%E3%83%88%2F%E3%82%A4%E3%83%B3%E3%83%9A%E3%83%AA%E3%82%A2%E3%83%AB%E3%83%96%E3%83%AB%E3%83%BC%20%E3%83%8E%E3%83%83%E3%82%AF%E3%82%BF%E3%82%A4%E3%83%97%20%E3%82%AE%E3%83%95%E3%83%88%20%E3%83%97%E3%83%AC%E3%82%BC%E3%83%B3%E3%83%88%20%E3%81%8A%E7%A5%9D%E3%81%84%20%E8%A8%98%E5%BF%B5%20%E8%AA%95%E7%94%9F%E6%97%A5%20%E7%94%B7%E6%80%A7%20%E5%A5%B3%E6%80%A7%20%E5%B0%B1%E8%81%B7%20%E5%85%A5%E5%AD%A6%20%E5%8D%92%E6%A5%AD%20%E9%AB%98%E7%B4%9A%E7%AD%86%E8%A8%98%E5%85%B7%20%E3%82%AA%E3%83%95%E3%82%A3%E3%82%B9%20%E5%85%88%E7%94%9F%E3%81%B8%20%E4%B8%8A%E5%8F%B8%E3%81%B8","https://item.rakuten.co.jp/auc-youstyle/l289b-u"
"44","duplicate","rakutenEvidence","LAMY","pico","PICO BALLPOINT PEN ラミー ピコ ボールペン 油性 筆記用具 文房具 ブランド 高級 コンパクト 携帯 小さい ブラック 黒 ネイビー オレンジ ピンク ホワイト 白 シルバー ギフト プレゼント","ボールペン","123","","Rakuten","https://item.rakuten.co.jp/timelovers/l28","携帯時は全長わずか92mmのコンパクト設計。ところが、たった一度のノックで口金が飛び出し、続いて尻軸が延伸。あっという間に全長123mmのフルサイズボールペンに早変わり。愛らしい外観からは想像もつかないダイナミックな機構により、2002年のデザインプラス最優秀賞にも輝いたモデルです。クリップを持たない代わりに転がり防止の突起が装備されるなど、細かい部分まで気が配られ、極めてユーザーフレンドリーな仕上がりとなっています。","楽天商品ページに全長根拠あり","https://www.amazon.co.jp/s?k=LAMY%20PICO%20BALLPOINT%20PEN%20%E3%83%A9%E3%83%9F%E3%83%BC%20%E3%83%94%E3%82%B3%20%E3%83%9C%E3%83%BC%E3%83%AB%E3%83%9A%E3%83%B3%20%E6%B2%B9%E6%80%A7%20%E7%AD%86%E8%A8%98%E7%94%A8%E5%85%B7%20%E6%96%87%E6%88%BF%E5%85%B7%20%E3%83%96%E3%83%A9%E3%83%B3%E3%83%89%20%E9%AB%98%E7%B4%9A%20%E3%82%B3%E3%83%B3%E3%83%91%E3%82%AF%E3%83%88%20%E6%90%BA%E5%B8%AF%20%E5%B0%8F%E3%81%95%E3%81%84%20%E3%83%96%E3%83%A9%E3%83%83%E3%82%AF%20%E9%BB%92%20%E3%83%8D%E3%82%A4%E3%83%93%E3%83%BC%20%E3%82%AA%E3%83%AC%E3%83%B3%E3%82%B8%20%E3%83%94%E3%83%B3%E3%82%AF%20%E3%83%9B%E3%83%AF%E3%82%A4%E3%83%88%20%E7%99%BD%20%E3%82%B7%E3%83%AB%E3%83%90%E3%83%BC%20%E3%82%AE%E3%83%95%E3%83%88%20%E3%83%97%E3%83%AC%E3%82%BC%E3%83%B3%E3%83%88","https://item.rakuten.co.jp/timelovers/l28"
"45","exclude","verifiedExternal","LAMY","CP1 (Compact version)","CP1 (Compact version)","万年筆","135","9.4","ManualVerification","","LAMY公式・複数ソース一致","ユーザー確認。130mm超のため除外候補","https://www.amazon.co.jp/s?k=LAMY%20CP1%20(Compact%20version)","https://search.rakuten.co.jp/search/mall/LAMY%20CP1%20(Compact%20version)/"
"46","active","verifiedExternal","LEUCHTTURM1917","Drehgriffel Nr. 1","Drehgriffel Nr. 1","ボールペン","130","9","ManualVerification","https://leuchtturm1917.co.uk/drehgriffel-nr-1.html","LEUCHTTURM1917公式：Length 13cm。販売店/レビューで直径約9mm","追加調査。ロイヒトトゥルム1917 ドレグリフル。基準上限の130mm","https://www.amazon.co.jp/s?k=LEUCHTTURM1917%20Drehgriffel%20Nr.%201","https://search.rakuten.co.jp/search/mall/LEUCHTTURM1917%20Drehgriffel%20Nr.%201/"
"47","active","verifiedExternal","LEUCHTTURM1917","Drehgriffel Nr. 2 Pencil","Drehgriffel Nr. 2 Pencil","シャープペン","130","9","ManualVerification","https://www.leuchtturm1917.com/drehgriffel-nr-2-pencil.html","LEUCHTTURM1917公式：Length 13cm、0.7mm graphite lead","追加調査。ドレグリフルのメカニカルペンシル版。基準上限の130mm","https://www.amazon.co.jp/s?k=LEUCHTTURM1917%20Drehgriffel%20Nr.%202%20Pencil","https://search.rakuten.co.jp/search/mall/LEUCHTTURM1917%20Drehgriffel%20Nr.%202%20Pencil/"
"48","active","verifiedExternal","LIHIT LAB","PN-200 Mini Ballpoint Pen","PN-200 Mini Ballpoint Pen","ボールペン","90","11","ManualVerification","https://www.eng.lihit-lab.com/pn-200/","リヒトラブ公式：Pen size Approx. 11mm(Diameter) x 90mm (Length)","追加調査。喫茶プニラボ ミニボールペン。キャップ込み本体寸法はH100mm","https://www.amazon.co.jp/s?k=LIHIT%20LAB%20PN-200%20Mini%20Ballpoint%20Pen","https://search.rakuten.co.jp/search/mall/LIHIT%20LAB%20PN-200%20Mini%20Ballpoint%20Pen/"
"49","active","verifiedExternal","Machine Era","Field Pen","Field Pen","ボールペン","124.5","9.5","ManualVerification","https://www.machine-era.com/products/field-pen-twist-2023","公式：0.375in x 4.9in","追加調査。TwistはField Pen Clickと同一ボディ。Clickは公式でdiscontinued表記あり","https://www.amazon.co.jp/s?k=Machine%20Era%20Field%20Pen","https://search.rakuten.co.jp/search/mall/Machine%20Era%20Field%20Pen/"
"50","review","manasCandidate","Machine Era","Original Pen","Original Pen","ボールペン","117","11","Manas","https://www.amazon.co.jp/s?k=machine+era+pen","","既存Manas候補。公式/販売店根拠は未確認","https://www.amazon.co.jp/s?k=machine+era+pen","https://search.rakuten.co.jp/search/mall/machine+era/"
"51","active","verifiedExternal","MILAN","Mini P1 Touch","Mini P1 Touch","ボールペン","102","10","ManualVerification","https://www.milan.es/en/can-40-black-p1-touch-mini-pens","MILAN公式：Measurements 10.2 x 1.7 cm, diameter 1cm, 1mm tip","追加調査。短軸のノック式ボールペン","https://www.amazon.co.jp/s?k=MILAN%20Mini%20P1%20Touch","https://search.rakuten.co.jp/search/mall/MILAN%20Mini%20P1%20Touch/"
"52","active","verifiedExternal","MILAN","CAPSULE Slim Mechanical Pencil 0.5mm","CAPSULE Slim Mechanical Pencil 0.5mm","シャープペン","130","14","ManualVerification","https://www.milan.es/en/display-box-20-capsule-slim-silver-mechanical-pencils-05-mm","MILAN公式：Dimensions 13 x 1.4 x 1.2 cm","追加調査。長さは基準上限の130mm。直径欄は最大幅相当","https://www.amazon.co.jp/s?k=MILAN%20CAPSULE%20Slim%20Mechanical%20Pencil%200.5mm","https://search.rakuten.co.jp/search/mall/MILAN%20CAPSULE%20Slim%20Mechanical%20Pencil%200.5mm/"
"53","active","verifiedExternal","MILAN","COMPACT Sunset Mechanical Pencil 0.7mm","COMPACT Sunset Mechanical Pencil 0.7mm","シャープペン","130","18","ManualVerification","https://www.milan.es/en/display-box-20-compact-sunset-mechanical-pencils-07-mm","MILAN公式：Size of mechanical pencil 13 x 1.8 x 1.6 cm","追加調査。長さは基準上限の130mm。太めの消しゴム一体型","https://www.amazon.co.jp/s?k=MILAN%20COMPACT%20Sunset%20Mechanical%20Pencil%200.7mm","https://search.rakuten.co.jp/search/mall/MILAN%20COMPACT%20Sunset%20Mechanical%20Pencil%200.7mm/"
"54","exclude","verifiedExternal","MILAN","COMPACT Ballpoint Pen","COMPACT Ballpoint Pen","ボールペン","141","14","ManualVerification","","販売店でLength 14.1cm、Diameter 1.4cm","追加調査。130mm超のため除外","https://www.amazon.co.jp/s?k=MILAN%20COMPACT%20Ballpoint%20Pen","https://search.rakuten.co.jp/search/mall/MILAN%20COMPACT%20Ballpoint%20Pen/"
"55","active","verifiedExternal","Montblanc","Meisterstück Mozart Ballpoint","Meisterstück Mozart Ballpoint","ボールペン","105.8","10.4","ManualVerification","","Yahoo! Shopping","ユーザー確認。高級品枠","https://www.amazon.co.jp/s?k=Montblanc%20Meisterst%C3%BCck%20Mozart%20Ballpoint","https://search.rakuten.co.jp/search/mall/Montblanc%20Meisterst%C3%BCck%20Mozart%20Ballpoint/"
"56","active","verifiedExternal","Montblanc","Meisterstück Mozart Fountain Pen","Meisterstück Mozart Fountain Pen","万年筆","113","11.7","ManualVerification","","Note","ユーザー確認。高級品枠","https://www.amazon.co.jp/s?k=Montblanc%20Meisterst%C3%BCck%20Mozart%20Fountain%20Pen","https://search.rakuten.co.jp/search/mall/Montblanc%20Meisterst%C3%BCck%20Mozart%20Fountain%20Pen/"
"57","discontinued","manasCandidate","Montblanc","Heritage Rouge et Noir Baby","Heritage Rouge et Noir Baby","万年筆","99","11.8","Manas","https://www.amazon.co.jp/s?k=montblanc+heritage+baby","","既存Manas候補。公式/販売店根拠は未確認","https://www.amazon.co.jp/s?k=montblanc+heritage+baby","https://search.rakuten.co.jp/search/mall/montblanc+heritage+baby/"
"58","discontinued","manasCandidate","Montblanc","Mozart 114","Mozart 114","万年筆","113","11","Manas","https://www.amazon.co.jp/s?k=montblanc+mozart+114","","既存Manas候補。公式/販売店根拠は未確認","https://www.amazon.co.jp/s?k=montblanc+mozart+114","https://search.rakuten.co.jp/search/mall/montblanc+mozart/"
"59","active","verifiedExternal","MUJI","Compact Mechanical Pencil 0.5mm","Compact Mechanical Pencil 0.5mm","シャープペン","110","","ManualVerification","https://www.muji.us/products/compact-mechanical-pencil-0-5mm-24aw","MUJI公式：Length 4.3in (11cm), Lead Diameter 0.5mm","シャープペン追加候補。A7ノート向けコンパクトモデル","https://www.amazon.co.jp/s?k=MUJI%20Compact%20Mechanical%20Pencil%200.5mm","https://search.rakuten.co.jp/search/mall/MUJI%20Compact%20Mechanical%20Pencil%200.5mm/"
"60","active","official","OHTO","TL01-B5","TL01-B5","ボールペン","91","3.7","Official","https://ohto.co.jp/global/products/tl/tl01-b5/","Length 91mm / Shaft diameter 3.7mm (max 5.6mm)","OHTO公式グローバル商品ページ","https://www.amazon.co.jp/s?k=OHTO%20TL01-B5","https://search.rakuten.co.jp/search/mall/OHTO%20TL01-B5/"
"61","active","verifiedExternal","OHTO","Petit-B","Petit-B","ボールペン","79","6","ManualVerification","","JetPens公式","ユーザー確認","https://www.amazon.co.jp/s?k=OHTO%20Petit-B","https://search.rakuten.co.jp/search/mall/OHTO%20Petit-B/"
"62","active","verifiedExternal","OHTO","TL01-SP5","TL01-SP5","シャープペン","91","3.3","ManualVerification","https://ohto.co.jp/global/products/tl/tl01-sp5/","OHTO公式：Size 91 x 3.3mm(max 5.2mm)","シャープペン追加候補。Minimo系の公式現行シャープペン","https://www.amazon.co.jp/s?k=OHTO%20TL01-SP5","https://search.rakuten.co.jp/search/mall/OHTO%20TL01-SP5/"
"63","active","verifiedExternal","OHTO","Tasche","Tasche","万年筆","99","9.7","ManualVerification","","Pen Chalet","ユーザー確認","https://www.amazon.co.jp/s?k=OHTO%20Tasche","https://search.rakuten.co.jp/search/mall/OHTO%20Tasche/"
"64","active","verifiedExternal","OHTO","Rook","Rook","ボールペン","103","11","ManualVerification","","JetPens複数ページで一致","ユーザー確認","https://www.amazon.co.jp/s?k=OHTO%20Rook","https://search.rakuten.co.jp/search/mall/OHTO%20Rook/"
"65","active","verifiedExternal","OHTO","Sharp Mini APS-350ES","Sharp Mini APS-350ES","シャープペン","105","5","ManualVerification","","販売店で105mm・直径5mm","シャープペン追加候補。木軸風の短軸モデル","https://www.amazon.co.jp/s?k=OHTO%20Sharp%20Mini%20APS-350ES","https://search.rakuten.co.jp/search/mall/OHTO%20Sharp%20Mini%20APS-350ES/"
"66","discontinued","official","OHTO","minimo","minimo NBP-505MN","ボールペン","91","3.7","Official","https://www.ohto.co.jp/english/product/nbp505mn/","Length 91mm / Shaft diameter 3.7mm (max 5.2mm)","公式ページで確認。生産終了品","https://www.amazon.co.jp/s?k=OHTO%20minimo%20NBP-505MN","https://search.rakuten.co.jp/search/mall/OHTO%20minimo%20NBP-505MN/"
"67","discontinued","verifiedExternal","OHTO","minimo","Minimo","ボールペン","91","3.7","ManualVerification","","複数ソース一致","ユーザー確認。サイズは適合するが公式確認済み行では生産終了品","https://www.amazon.co.jp/s?k=OHTO%20Minimo","https://search.rakuten.co.jp/search/mall/OHTO%20Minimo/"
"68","review","manasCandidate","OHTO","Pieni","Pieni","ボールペン","124.5","7.9","Manas","https://www.amazon.co.jp/s?k=ohto+pieni","","既存Manas候補。公式/販売店根拠は未確認","https://www.amazon.co.jp/s?k=ohto+pieni","https://search.rakuten.co.jp/search/mall/ohto+pieni/"
"69","duplicate","rakutenEvidence","OHTO","TL01-B5","オート とっても小さなボールペン TL01-B OHTO ペンホルダー付き 手帳用 ダイヤリー ダイアリー 1000円ポッキリ 送料無料 ブラック ピンクゴールド ネイビー グレー アルミボディ コンパクト 携帯 名刺入れ カードケース 小さい ミニサイズ 持ち運び 便利 文具","ボールペン","91","","Rakuten","https://item.rakuten.co.jp/hanko-otobe/tl01-b5","全長91mm、名刺と同じ長さの小さな相棒は、どこへでも一緒に。","楽天商品ページに全長根拠あり","https://www.amazon.co.jp/s?k=OHTO%20%E3%82%AA%E3%83%BC%E3%83%88%20%E3%81%A8%E3%81%A3%E3%81%A6%E3%82%82%E5%B0%8F%E3%81%95%E3%81%AA%E3%83%9C%E3%83%BC%E3%83%AB%E3%83%9A%E3%83%B3%20TL01-B%20OHTO%20%E3%83%9A%E3%83%B3%E3%83%9B%E3%83%AB%E3%83%80%E3%83%BC%E4%BB%98%E3%81%8D%20%E6%89%8B%E5%B8%B3%E7%94%A8%20%E3%83%80%E3%82%A4%E3%83%A4%E3%83%AA%E3%83%BC%20%E3%83%80%E3%82%A4%E3%82%A2%E3%83%AA%E3%83%BC%201000%E5%86%86%E3%83%9D%E3%83%83%E3%82%AD%E3%83%AA%20%E9%80%81%E6%96%99%E7%84%A1%E6%96%99%20%E3%83%96%E3%83%A9%E3%83%83%E3%82%AF%20%E3%83%94%E3%83%B3%E3%82%AF%E3%82%B4%E3%83%BC%E3%83%AB%E3%83%89%20%E3%83%8D%E3%82%A4%E3%83%93%E3%83%BC%20%E3%82%B0%E3%83%AC%E3%83%BC%20%E3%82%A2%E3%83%AB%E3%83%9F%E3%83%9C%E3%83%87%E3%82%A3%20%E3%82%B3%E3%83%B3%E3%83%91%E3%82%AF%E3%83%88%20%E6%90%BA%E5%B8%AF%20%E5%90%8D%E5%88%BA%E5%85%A5%E3%82%8C%20%E3%82%AB%E3%83%BC%E3%83%89%E3%82%B1%E3%83%BC%E3%82%B9%20%E5%B0%8F%E3%81%95%E3%81%84%20%E3%83%9F%E3%83%8B%E3%82%B5%E3%82%A4%E3%82%BA%20%E6%8C%81%E3%81%A1%E9%81%8B%E3%81%B3%20%E4%BE%BF%E5%88%A9%20%E6%96%87%E5%85%B7","https://item.rakuten.co.jp/hanko-otobe/tl01-b5"
"70","duplicate","rakutenEvidence","OHTO","TL01-B5","世界最小級のボールペン。とっても小さなボールペン カードサイズのペンホルダー付 手帳用 ダイヤリー ノベルティグッズ ブラック ピンクゴールド ネイビー グレー OHTO","ボールペン","91","","Rakuten","https://item.rakuten.co.jp/bunborg/52104","本体：最大幅:5.6mm　軸径:3.7×全長91mm 重さ:2.8ｇ","楽天商品ページに全長根拠あり","https://www.amazon.co.jp/s?k=OHTO%20%E4%B8%96%E7%95%8C%E6%9C%80%E5%B0%8F%E7%B4%9A%E3%81%AE%E3%83%9C%E3%83%BC%E3%83%AB%E3%83%9A%E3%83%B3%E3%80%82%E3%81%A8%E3%81%A3%E3%81%A6%E3%82%82%E5%B0%8F%E3%81%95%E3%81%AA%E3%83%9C%E3%83%BC%E3%83%AB%E3%83%9A%E3%83%B3%20%E3%82%AB%E3%83%BC%E3%83%89%E3%82%B5%E3%82%A4%E3%82%BA%E3%81%AE%E3%83%9A%E3%83%B3%E3%83%9B%E3%83%AB%E3%83%80%E3%83%BC%E4%BB%98%20%E6%89%8B%E5%B8%B3%E7%94%A8%20%E3%83%80%E3%82%A4%E3%83%A4%E3%83%AA%E3%83%BC%20%E3%83%8E%E3%83%99%E3%83%AB%E3%83%86%E3%82%A3%E3%82%B0%E3%83%83%E3%82%BA%20%E3%83%96%E3%83%A9%E3%83%83%E3%82%AF%20%E3%83%94%E3%83%B3%E3%82%AF%E3%82%B4%E3%83%BC%E3%83%AB%E3%83%89%20%E3%83%8D%E3%82%A4%E3%83%93%E3%83%BC%20%E3%82%B0%E3%83%AC%E3%83%BC%20OHTO","https://item.rakuten.co.jp/bunborg/52104"
"71","review","manasCandidate","Opus 88","Fantasia","Fantasia","万年筆","115","14","Manas","https://www.amazon.co.jp/s?k=opus+88+fantasia","","既存Manas候補。公式/販売店根拠は未確認","https://www.amazon.co.jp/s?k=opus+88+fantasia","https://search.rakuten.co.jp/search/mall/opus+88+fantasia/"
"72","review","manasCandidate","Opus 88","Mini Pocket","Mini Pocket","万年筆","118","15","Manas","https://www.amazon.co.jp/s?k=opus+88+mini","","既存Manas候補。公式/販売店根拠は未確認","https://www.amazon.co.jp/s?k=opus+88+mini","https://search.rakuten.co.jp/search/mall/opus+88+mini/"
"73","active","verifiedExternal","Parker","Jotter","Jotter","ボールペン","128","8.5","ManualVerification","","複数ソース一致","ユーザー確認","https://www.amazon.co.jp/s?k=Parker%20Jotter","https://search.rakuten.co.jp/search/mall/Parker%20Jotter/"
"74","review","verifiedExternal","Parker","Jotter XS","Jotter XS","ボールペン","","","ManualVerification","","Parker公式ではJotter XSの明確な現行モデルを確認できず。Jotter XLは140mmで対象外、Mini/Minim系は別モデルの可能性","追加調査。モデル名・寸法の確証が弱いためreview","https://www.amazon.co.jp/s?k=Parker%20Jotter%20XS","https://search.rakuten.co.jp/search/mall/Parker%20Jotter%20XS/"
"75","discontinued","manasCandidate","Pelikan","M300","M300","万年筆","110","11","Manas","https://www.amazon.co.jp/s?k=pelikan+m300","","既存Manas候補。公式/販売店根拠は未確認","https://www.amazon.co.jp/s?k=pelikan+m300","https://search.rakuten.co.jp/search/mall/pelikan+m300/"
"76","active","verifiedExternal","Penco","Perfection Bullet","Perfection Bullet","ボールペン","93","13","ManualVerification","https://www.hightide.co.jp/c/category/stationery/writing/ballpoint/item-ft180","HIGHTIDE公式：Penco バレットボールペン。本体 直径1.3×高さ9.3cm、携帯時9.3cm","ユーザー確認。HIGHTIDE/Penco公式名はバレットボールペン。既存のPerfection Bullet候補を公式根拠で補強","https://www.amazon.co.jp/s?k=Penco%20Perfection%20Bullet","https://search.rakuten.co.jp/search/mall/Penco%20Perfection%20Bullet/"
"77","active","verifiedExternal","Penco","Bullet Mechanical Pencil","Bullet Mechanical Pencil","シャープペン","100","","ManualVerification","","販売店で収納時約10cm、0.5mm芯","シャープペン追加候補。キャップをポストして使う短軸モデル","https://www.amazon.co.jp/s?k=Penco%20Bullet%20Mechanical%20Pencil","https://search.rakuten.co.jp/search/mall/Penco%20Bullet%20Mechanical%20Pencil/"
"78","active","verifiedExternal","Platinum","BGMQ-100","BGMQ-100","ボールペン","130","13.3","ManualVerification","","プラチナ万年筆公式サイト/TTpen","ユーザー確認。グラマーミニ","https://www.amazon.co.jp/s?k=Platinum%20BGMQ-100","https://search.rakuten.co.jp/search/mall/Platinum%20BGMQ-100/"
"79","discontinued","manasCandidate","Platinum","Pocket (Vintage BP)","Pocket (Vintage BP)","ボールペン","115","10","Manas","https://www.amazon.co.jp/s?k=platinum+pocket+ballpoint","","既存Manas候補。公式/販売店根拠は未確認","https://www.amazon.co.jp/s?k=platinum+pocket+ballpoint","https://search.rakuten.co.jp/search/mall/platinum+pocket/"
"80","discontinued","manasCandidate","Platinum","Pocket (Vintage)","Pocket (Vintage)","万年筆","115","12","Manas","https://www.amazon.co.jp/s?k=platinum+pocket+fountain+pen","","既存Manas候補。公式/販売店根拠は未確認","https://www.amazon.co.jp/s?k=platinum+pocket+fountain+pen","https://search.rakuten.co.jp/search/mall/platinum+pocket/"
"81","active","verifiedExternal","RETRO1951","Tornado Elite Eagle","Tornado Elite Eagle","ボールペン","89","10","ManualVerification","https://preco-corp.co.jp/products/14214/","プリコ公式：サイズ89×10mm、重量21g。ペンハウスも本体サイズ約89mm/最大径約10mm表記","追加調査。日本限定300本のエリート イーグル ボールペン","https://www.amazon.co.jp/s?k=RETRO1951%20Tornado%20Elite%20Eagle","https://search.rakuten.co.jp/search/mall/RETRO1951%20Tornado%20Elite%20Eagle/"
"82","active","verifiedExternal","RETRO1951","Tornado Elite","Tornado Elite","ボールペン","90","8.2","ManualVerification","https://retro51.com/products/tornado%E2%84%A2-elite-stealth-black-ballpoint","RETRO51公式：Pen Length 3.5in / 90mm、Pen Diameter 0.325in / 8.2mm","追加調査。Tornado Eliteの通常ミニボールペン","https://www.amazon.co.jp/s?k=RETRO1951%20Tornado%20Elite","https://search.rakuten.co.jp/search/mall/RETRO1951%20Tornado%20Elite/"
"83","active","verifiedExternal","Rhodia","scRipt Mechanical Pencil 0.5","scRipt Mechanical Pencil 0.5","シャープペン","128","9","ManualVerification","https://www.shop.quovadis.co.jp/SHOP/1489.html","クオバディス・ジャパン公式：全長128mm、胴軸径9mm、最大幅13mm、重量18g","追加調査。ロディア スクリプト メカニカルペンシル 0.5mm","https://www.amazon.co.jp/s?k=Rhodia%20scRipt%20Mechanical%20Pencil%200.5","https://search.rakuten.co.jp/search/mall/Rhodia%20scRipt%20Mechanical%20Pencil%200.5/"
"84","discontinued","verifiedExternal","Rotring","Esprit Telescoping Pencil","Esprit Telescoping Pencil","シャープペン","106","10","ManualVerification","","レビュー/販売店で収納時105〜106mm、伸長時124〜125mm","シャープペン追加候補。廃番・テレスコープ式","https://www.amazon.co.jp/s?k=Rotring%20Esprit%20Telescoping%20Pencil","https://search.rakuten.co.jp/search/mall/Rotring%20Esprit%20Telescoping%20Pencil/"
"85","discontinued","verifiedExternal","Rotring","Esprit Telescoping","Esprit Telescoping","ボールペン","119","","ManualVerification","","Yoseka Stationery。伸長時137mm","ユーザー確認。廃番・テレスコープ式","https://www.amazon.co.jp/s?k=Rotring%20Esprit%20Telescoping","https://search.rakuten.co.jp/search/mall/Rotring%20Esprit%20Telescoping/"
"86","active","verifiedExternal","Schon DSGN","Pocket Six Fountain Pen","Pocket Six Fountain Pen","万年筆","90.2","12.7","ManualVerification","https://www.schondsgn.com/products/pocket-six-matching-grip","公式：3.55in/90.2mm capped、5.2in/132mm posted、直径12.7mm","追加調査。キャップ時は130mm以下、ポスト時は132mm","https://www.amazon.co.jp/s?k=Schon%20DSGN%20Pocket%20Six%20Fountain%20Pen","https://search.rakuten.co.jp/search/mall/Schon%20DSGN%20Pocket%20Six%20Fountain%20Pen/"
"87","review","manasCandidate","Schon DSGN","Pocket Six","Pocket Six","万年筆","90","14","Manas","https://www.amazon.co.jp/s?k=schon+dsgn+pocket+six","","既存Manas候補。公式/販売店根拠は未確認","https://www.amazon.co.jp/s?k=schon+dsgn+pocket+six","https://search.rakuten.co.jp/search/mall/schon+dsgn/"
"88","review","manasCandidate","Schon DSGN","Classic Machined Pen","Classic Machined Pen","ボールペン","101","12.7","Manas","https://www.amazon.co.jp/s?k=schon+dsgn+pen","","既存Manas候補。公式/販売店根拠は未確認","https://www.amazon.co.jp/s?k=schon+dsgn+pen","https://search.rakuten.co.jp/search/mall/schon+dsgn/"
"89","active","verifiedExternal","Tactile Turn","Bolt Action Mini","Bolt Action Mini","ボールペン","111.8","10.9","ManualVerification","https://www.tactileturn.com/products/bolt-action-pen","公式/販売店：Mini length 4.4in、diameter 0.43in","追加調査。Tactile Turn Miniとして流通","https://www.amazon.co.jp/s?k=Tactile%20Turn%20Bolt%20Action%20Mini","https://search.rakuten.co.jp/search/mall/Tactile%20Turn%20Bolt%20Action%20Mini/"
"90","review","manasCandidate","Tactile Turn","Mini Bolt Action","Mini Bolt Action","ボールペン","112","11","Manas","https://www.amazon.co.jp/s?k=tactile+turn+mini","","既存Manas候補。公式/販売店根拠は未確認","https://www.amazon.co.jp/s?k=tactile+turn+mini","https://search.rakuten.co.jp/search/mall/tactile+turn/"
"91","review","manasCandidate","Tactile Turn","Mini Side Click","Mini Side Click","ボールペン","117","11","Manas","https://www.amazon.co.jp/s?k=tactile+turn+mini","","既存Manas候補。公式/販売店根拠は未確認","https://www.amazon.co.jp/s?k=tactile+turn+mini","https://search.rakuten.co.jp/search/mall/tactile+turn/"
"92","active","verifiedExternal","Traveler's Company","Brass Ballpoint Pen","Brass Ballpoint Pen","ボールペン","99","11","ManualVerification","","全長99mm。キャップ時102mm、ポスト時138mmという情報もあり","ユーザー確認。サイトにより99〜102mmの範囲","https://www.amazon.co.jp/s?k=Traveler's%20Company%20Brass%20Ballpoint%20Pen","https://search.rakuten.co.jp/search/mall/Traveler's%20Company%20Brass%20Ballpoint%20Pen/"
"93","active","verifiedExternal","Traveler's Company","Brass Fountain Pen","Brass Fountain Pen","万年筆","102","11","ManualVerification","https://www.travelers-company.com/products/brass/fountainpen-2020","公式：BRASS Fountain Pen / 11mm in diameter x H102mm。販売店では収納時97mm表記もあり","ユーザー確認。公式現行ページは102mm、販売店では97mm表記あり。収納時は130mm以下","https://www.amazon.co.jp/s?k=Traveler's%20Company%20Brass%20Fountain%20Pen","https://search.rakuten.co.jp/search/mall/Traveler's%20Company%20Brass%20Fountain%20Pen/"
"94","active","verifiedExternal","Traveler's Company","Brass Rollerball Pen","Brass Rollerball Pen","ローラーボール","102","11","ManualVerification","https://www.travelers-company.com/products/brass/rollerballpen-2020","公式：BRASS Rollerball Pen / 11mm in diameter x H102mm","追加調査。Traveler's Brass Penとして確認。万年筆用カートリッジ対応ローラーボール","https://www.amazon.co.jp/s?k=Traveler's%20Company%20Brass%20Rollerball%20Pen","https://search.rakuten.co.jp/search/mall/Traveler's%20Company%20Brass%20Rollerball%20Pen/"
"95","review","verifiedExternal","Traveler's Company","Brass Pencil","Brass Pencil","鉛筆ホルダー","98","11","ManualVerification","https://www.travelers-company.com/products/brass/pencil-2020","公式：BRASS Pencil / 11mm in diameter x H98mm","シャープペンではなく鉛筆ホルダー。手帳向け短軸筆記具として別枠候補","https://www.amazon.co.jp/s?k=Traveler's%20Company%20Brass%20Pencil","https://search.rakuten.co.jp/search/mall/Traveler's%20Company%20Brass%20Pencil/"
"96","active","verifiedExternal","TWSBI","Mini","Mini","万年筆","118","13","ManualVerification","","複数ソース一致","ユーザー確認","https://www.amazon.co.jp/s?k=TWSBI%20Mini","https://search.rakuten.co.jp/search/mall/TWSBI%20Mini/"
"97","review","manasCandidate","TWSBI","Vac Mini","Vac Mini","万年筆","125","15.1","Manas","https://www.amazon.co.jp/s?k=twsbi+vac+mini","","既存Manas候補。公式/販売店根拠は未確認","https://www.amazon.co.jp/s?k=twsbi+vac+mini","https://search.rakuten.co.jp/search/mall/twsbi+vac+mini/"
"98","exclude","verifiedExternal","ystudio","Classic Revolve Portable Fountain Pen","Classic Revolve Portable Fountain Pen","万年筆","138","10.5","ManualVerification","https://www.ystudiostyle.com/products/brassing-portable-fountain-pen","公式/検索結果：138mm、直径10.5mm","追加調査。130mm超のため除外","https://www.amazon.co.jp/s?k=ystudio%20Classic%20Revolve%20Portable%20Fountain%20Pen","https://search.rakuten.co.jp/search/mall/ystudio%20Classic%20Revolve%20Portable%20Fountain%20Pen/"
"99","exclude","verifiedExternal","ystudio","Classic Revolve Portable Ballpoint Pen","Classic Revolve Portable Ballpoint Pen","ボールペン","139","10","ManualVerification","http://ystudiostyle.com/products/brassing-portable-ballpoint-pen-1-1","公式：Dimension 9mm x 10mm x 139mm","追加調査。130mm超のため除外","https://www.amazon.co.jp/s?k=ystudio%20Classic%20Revolve%20Portable%20Ballpoint%20Pen","https://search.rakuten.co.jp/search/mall/ystudio%20Classic%20Revolve%20Portable%20Ballpoint%20Pen/"
"100","active","verifiedExternal","サクラクレパス","SAKURA craft_lab 003","SAKURA craft_lab 003","ボールペン","110","13","ManualVerification","https://www.craypas.co.jp/press/feature/009/sa_pre_0370.html","サクラクレパス公式比較記事：003は13×13×110mm","追加調査。短寸・太軸のオール金属モデル","https://www.amazon.co.jp/s?k=%E3%82%B5%E3%82%AF%E3%83%A9%E3%82%AF%E3%83%AC%E3%83%91%E3%82%B9%20SAKURA%20craft_lab%20003","https://search.rakuten.co.jp/search/mall/%E3%82%B5%E3%82%AF%E3%83%A9%E3%82%AF%E3%83%AC%E3%83%91%E3%82%B9%20SAKURA%20craft_lab%20003/"
"101","active","verifiedExternal","サクラクレパス","SAKURA craft_lab 001S","SAKURA craft_lab 001S","ボールペン","130","10","ManualVerification","https://www.craypas.co.jp/press/feature/009/sa_pre_0370.html","サクラクレパス公式比較記事：001Sは130×10mm","追加調査。001をベースにした一体成形メタルボディ。基準上限の130mm","https://www.amazon.co.jp/s?k=%E3%82%B5%E3%82%AF%E3%83%A9%E3%82%AF%E3%83%AC%E3%83%91%E3%82%B9%20SAKURA%20craft_lab%20001S","https://search.rakuten.co.jp/search/mall/%E3%82%B5%E3%82%AF%E3%83%A9%E3%82%AF%E3%83%AC%E3%83%91%E3%82%B9%20SAKURA%20craft_lab%20001S/"
"102","active","verifiedExternal","サクラクレパス","SAKURA craft_lab 010","SAKURA craft_lab 010","ボールペン","130","11","ManualVerification","https://www.craypas.co.jp/press/feature/009/sa_pre_0370.html","サクラクレパス公式比較記事：010は130×11mm","追加調査。ハンマートーン塗装の真鍮モデル。基準上限の130mm","https://www.amazon.co.jp/s?k=%E3%82%B5%E3%82%AF%E3%83%A9%E3%82%AF%E3%83%AC%E3%83%91%E3%82%B9%20SAKURA%20craft_lab%20010","https://search.rakuten.co.jp/search/mall/%E3%82%B5%E3%82%AF%E3%83%A9%E3%82%AF%E3%83%AC%E3%83%91%E3%82%B9%20SAKURA%20craft_lab%20010/"
"103","exclude","verifiedExternal","サクラクレパス","SAKURA craft_lab 001","SAKURA craft_lab 001","ボールペン","131","10.5","ManualVerification","https://www.craypas.co.jp/press/feature/009/sa_pre_0370.html","サクラクレパス公式比較記事：001は131×10.5mm","追加調査。人気モデルだが130mmをわずかに超えるため除外","https://www.amazon.co.jp/s?k=%E3%82%B5%E3%82%AF%E3%83%A9%E3%82%AF%E3%83%AC%E3%83%91%E3%82%B9%20SAKURA%20craft_lab%20001","https://search.rakuten.co.jp/search/mall/%E3%82%B5%E3%82%AF%E3%83%A9%E3%82%AF%E3%83%AC%E3%83%91%E3%82%B9%20SAKURA%20craft_lab%20001/"
"104","active","official","セーラー","プロフェッショナルギア スリムミニ","プロフェッショナルギア スリムミニ","万年筆","109.5","17","Official","https://sailor.co.jp/product/11-1503/","本体サイズ：φ17×109.5mm（クリップ部含む）/ 筆記時132mm","セーラー公式商品ページ。収納時は130mm以下、筆記時は132mm","https://www.amazon.co.jp/s?k=%E3%82%BB%E3%83%BC%E3%83%A9%E3%83%BC%20%E3%83%97%E3%83%AD%E3%83%95%E3%82%A7%E3%83%83%E3%82%B7%E3%83%A7%E3%83%8A%E3%83%AB%E3%82%AE%E3%82%A2%20%E3%82%B9%E3%83%AA%E3%83%A0%E3%83%9F%E3%83%8B","https://search.rakuten.co.jp/search/mall/%E3%82%BB%E3%83%BC%E3%83%A9%E3%83%BC%20%E3%83%97%E3%83%AD%E3%83%95%E3%82%A7%E3%83%83%E3%82%B7%E3%83%A7%E3%83%8A%E3%83%AB%E3%82%AE%E3%82%A2%20%E3%82%B9%E3%83%AA%E3%83%A0%E3%83%9F%E3%83%8B/"
"105","discontinued","manasCandidate","セーラー","シャレーナ","Chalana","万年筆","122","6.5","Manas","https://www.amazon.co.jp/s?k=sailor+chalana","","既存Manas候補。公式/販売店根拠は未確認","https://www.amazon.co.jp/s?k=sailor+chalana","https://search.rakuten.co.jp/search/mall/sailor+chalana/"
"106","duplicate","manasCandidate","セーラー","プロフェッショナルギア スリムミニ","Pro Gear Slim Mini","万年筆","106","17","Manas","https://www.amazon.co.jp/s?k=sailor+pro+gear+slim+mini","","既存Manas候補。公式/販売店根拠は未確認","https://www.amazon.co.jp/s?k=sailor+pro+gear+slim+mini","https://search.rakuten.co.jp/search/mall/sailor+pro+gear+slim+mini/"
"107","active","official","ゼブラ","手帳用 T-3","手帳用 T-3","ボールペン","100","5.6","Official","https://www.zebra.co.jp/pro/detail/t/","最大径Φ5.6×全長100.0mm","ゼブラ公式商品ページ","https://www.amazon.co.jp/s?k=%E3%82%BC%E3%83%96%E3%83%A9%20%E6%89%8B%E5%B8%B3%E7%94%A8%20T-3","https://search.rakuten.co.jp/search/mall/%E3%82%BC%E3%83%96%E3%83%A9%20%E6%89%8B%E5%B8%B3%E7%94%A8%20T-3/"
"108","active","verifiedExternal","ゼブラ","F-301 Compact","F-301 Compact","ボールペン","98","9.7","ManualVerification","","TTpen","ユーザー確認","https://www.amazon.co.jp/s?k=Zebra%20F-301%20Compact","https://search.rakuten.co.jp/search/mall/Zebra%20F-301%20Compact/"
"109","active","verifiedExternal","ゼブラ","TS-3","TS-3","シャープペン","100","6","ManualVerification","https://www.jetpens.com/Zebra-Techo-TS-3-Mini-Mechanical-Pencil-0.5-mm/pd/576","JetPens/販売店で100mm・直径約6mm","シャープペン追加候補。手帳用T-3のシャープ版に近い短軸モデル","https://www.amazon.co.jp/s?k=Zebra%20TS-3","https://search.rakuten.co.jp/search/mall/Zebra%20TS-3/"
"110","active","rakutenEvidence","ゼブラ","手帳用 油性ボールペン 0.7mm","手帳用 油性ボールペン 0.7mm","ボールペン","100","","Rakuten","https://item.rakuten.co.jp/bungu-s/10031025","スリムでかさばらない　全長わずか10cm","楽天商品ページに全長根拠あり","https://www.amazon.co.jp/s?k=%E3%82%BC%E3%83%96%E3%83%A9%20%E6%89%8B%E5%B8%B3%E7%94%A8%20%E6%B2%B9%E6%80%A7%E3%83%9C%E3%83%BC%E3%83%AB%E3%83%9A%E3%83%B3%200.7mm","https://item.rakuten.co.jp/bungu-s/10031025"
"111","discontinued","rakutenEvidence","ゼブラ","SL-F1 mini","■ 限定 アースカラー SL-F1 mini 油性ボールペン 0.7ｍｍ ペールブルー BA55-EC-PB","ボールペン","107","11.7","Rakuten","https://item.rakuten.co.jp/bunzo2017/4901681-120741","サイズ:全長84mm/107mm（伸長時）最大径φ11.7mm","楽天商品ページに全長根拠あり","https://www.amazon.co.jp/s?k=%E3%82%BC%E3%83%96%E3%83%A9%20%E2%96%A0%20%E9%99%90%E5%AE%9A%20%E3%82%A2%E3%83%BC%E3%82%B9%E3%82%AB%E3%83%A9%E3%83%BC%20SL-F1%20mini%20%E6%B2%B9%E6%80%A7%E3%83%9C%E3%83%BC%E3%83%AB%E3%83%9A%E3%83%B3%200.7%EF%BD%8D%EF%BD%8D%20%E3%83%9A%E3%83%BC%E3%83%AB%E3%83%96%E3%83%AB%E3%83%BC%20BA55-EC-PB","https://item.rakuten.co.jp/bunzo2017/4901681-120741"
"112","discontinued","needsReview","ゼブラ","SL-F1 mini","SL-F1 mini BA55","","107","","OfficialCandidate","https://www.zebra.co.jp/contact/faq/QA05/","","公式FAQで製造終了は確認できるが、全長107mmの公式仕様ページは未確認","https://www.amazon.co.jp/s?k=%E3%82%BC%E3%83%96%E3%83%A9%20SL-F1%20mini%20BA55","https://search.rakuten.co.jp/search/mall/%E3%82%BC%E3%83%96%E3%83%A9%20SL-F1%20mini%20BA55/"
"113","duplicate","rakutenEvidence","ゼブラ","SL-F1 mini","SL-F1 mini N アースカラーシリーズ スライド式油性ボールペン 0.7mm 黒インク ピュアブラック レッド ペールブルー ダークグレー グリーン アイボリー 伸縮性 ミニ コンパクト ゼブラ BA55-EC-PBK/BA55-EC-R/BA55-EC-PB/BA55-EC-DRG/BA55-EC-G/BA55-EC-IV","ボールペン","107","","Rakuten","https://item.rakuten.co.jp/kobe-sanobun/compass1761289675","全長84mm(収納時)/107mm(使用時)","楽天商品ページに全長根拠あり","https://www.amazon.co.jp/s?k=%E3%82%BC%E3%83%96%E3%83%A9%20SL-F1%20mini%20N%20%E3%82%A2%E3%83%BC%E3%82%B9%E3%82%AB%E3%83%A9%E3%83%BC%E3%82%B7%E3%83%AA%E3%83%BC%E3%82%BA%20%E3%82%B9%E3%83%A9%E3%82%A4%E3%83%89%E5%BC%8F%E6%B2%B9%E6%80%A7%E3%83%9C%E3%83%BC%E3%83%AB%E3%83%9A%E3%83%B3%200.7mm%20%E9%BB%92%E3%82%A4%E3%83%B3%E3%82%AF%20%E3%83%94%E3%83%A5%E3%82%A2%E3%83%96%E3%83%A9%E3%83%83%E3%82%AF%20%E3%83%AC%E3%83%83%E3%83%89%20%E3%83%9A%E3%83%BC%E3%83%AB%E3%83%96%E3%83%AB%E3%83%BC%20%E3%83%80%E3%83%BC%E3%82%AF%E3%82%B0%E3%83%AC%E3%83%BC%20%E3%82%B0%E3%83%AA%E3%83%BC%E3%83%B3%20%E3%82%A2%E3%82%A4%E3%83%9C%E3%83%AA%E3%83%BC%20%E4%BC%B8%E7%B8%AE%E6%80%A7%20%E3%83%9F%E3%83%8B%20%E3%82%B3%E3%83%B3%E3%83%91%E3%82%AF%E3%83%88%20%E3%82%BC%E3%83%96%E3%83%A9%20BA55-EC-PBK%2FBA55-EC-R%2FBA55-EC-PB%2FBA55-EC-DRG%2FBA55-EC-G%2FBA55-EC-IV","https://item.rakuten.co.jp/kobe-sanobun/compass1761289675"
"114","duplicate","rakutenEvidence","ゼブラ","SL-F1 mini","SL-F1 mini アースカラーシリーズ 限定 BA55-EC 手帳用 超小型 油性ボールペン 0.7mm 携帯 送料無料 伸縮ペン 手帳用 超小型 スリム 持ち運び 小さい 細い 短い エスエルエフワン ガジェットカラーシリーズ ミニ ボールペン コンパクト","ボールペン","107","","Rakuten","https://item.rakuten.co.jp/hanko-otobe/ba55-gc","●サイズ/全長84mm/107mm（伸長時）最大径φ11.7mm","楽天商品ページに全長根拠あり","https://www.amazon.co.jp/s?k=%E3%82%BC%E3%83%96%E3%83%A9%20SL-F1%20mini%20%E3%82%A2%E3%83%BC%E3%82%B9%E3%82%AB%E3%83%A9%E3%83%BC%E3%82%B7%E3%83%AA%E3%83%BC%E3%82%BA%20%E9%99%90%E5%AE%9A%20BA55-EC%20%E6%89%8B%E5%B8%B3%E7%94%A8%20%E8%B6%85%E5%B0%8F%E5%9E%8B%20%E6%B2%B9%E6%80%A7%E3%83%9C%E3%83%BC%E3%83%AB%E3%83%9A%E3%83%B3%200.7mm%20%E6%90%BA%E5%B8%AF%20%E9%80%81%E6%96%99%E7%84%A1%E6%96%99%20%E4%BC%B8%E7%B8%AE%E3%83%9A%E3%83%B3%20%E6%89%8B%E5%B8%B3%E7%94%A8%20%E8%B6%85%E5%B0%8F%E5%9E%8B%20%E3%82%B9%E3%83%AA%E3%83%A0%20%E6%8C%81%E3%81%A1%E9%81%8B%E3%81%B3%20%E5%B0%8F%E3%81%95%E3%81%84%20%E7%B4%B0%E3%81%84%20%E7%9F%AD%E3%81%84%20%E3%82%A8%E3%82%B9%E3%82%A8%E3%83%AB%E3%82%A8%E3%83%95%E3%83%AF%E3%83%B3%20%E3%82%AC%E3%82%B8%E3%82%A7%E3%83%83%E3%83%88%E3%82%AB%E3%83%A9%E3%83%BC%E3%82%B7%E3%83%AA%E3%83%BC%E3%82%BA%20%E3%83%9F%E3%83%8B%20%E3%83%9C%E3%83%BC%E3%83%AB%E3%83%9A%E3%83%B3%20%E3%82%B3%E3%83%B3%E3%83%91%E3%82%AF%E3%83%88","https://item.rakuten.co.jp/hanko-otobe/ba55-gc"
"115","duplicate","manasCandidate","ゼブラ","SL-F1 mini","SL-F1 Mini","ボールペン","84","8.1","Manas","https://www.amazon.co.jp/s?k=zebra+sl-f1+mini","","既存Manas候補。公式/販売店根拠は未確認","https://www.amazon.co.jp/s?k=zebra+sl-f1+mini","https://search.rakuten.co.jp/search/mall/zebra+sl-f1+mini/"
"116","duplicate","manasCandidate","ゼブラ","手帳用 T-3","T-3","ボールペン","100","5","Manas","https://www.amazon.co.jp/s?k=zebra+t-3+ballpoint","","既存Manas候補。公式/販売店根拠は未確認","https://www.amazon.co.jp/s?k=zebra+t-3+ballpoint","https://search.rakuten.co.jp/search/mall/zebra+t-3/"
"117","active","official","トンボ鉛筆","エアプレス BC-AP","エアプレス BC-AP","ボールペン","122","","Official","https://www.tombow.com/products/airpress/","全長122ミリ。事務用ボールペンより約2割短いショートボディ","公式ページでは全長を確認。幅は最大幅21mm表記","https://www.amazon.co.jp/s?k=%E3%83%88%E3%83%B3%E3%83%9C%E9%89%9B%E7%AD%86%20%E3%82%A8%E3%82%A2%E3%83%97%E3%83%AC%E3%82%B9%20BC-AP","https://search.rakuten.co.jp/search/mall/%E3%83%88%E3%83%B3%E3%83%9C%E9%89%9B%E7%AD%86%20%E3%82%A8%E3%82%A2%E3%83%97%E3%83%AC%E3%82%B9%20BC-AP/"
"118","review","manasCandidate","トンボ鉛筆","Reporter 4 Compact","Reporter 4 Compact","ボールペン","117","16.4","Manas","https://www.amazon.co.jp/s?k=tombow+reporter+4+compact","","既存Manas候補。公式/販売店根拠は未確認","https://www.amazon.co.jp/s?k=tombow+reporter+4+compact","https://search.rakuten.co.jp/search/mall/tombow+reporter+4+compact/"
"119","review","manasCandidate","トンボ鉛筆","On-Book","On-Book","ボールペン","123","6.5","Manas","https://www.amazon.co.jp/s?k=tombow+on-book","","既存Manas候補。公式/販売店根拠は未確認","https://www.amazon.co.jp/s?k=tombow+on-book","https://search.rakuten.co.jp/search/mall/tombow+on-book/"
"120","duplicate","rakutenEvidence","トンボ鉛筆","エアプレス BC-AP","加圧式油性ボールペン エアプレス BC-AP","ボールペン","122","","Rakuten","https://item.rakuten.co.jp/bunsute/bc-ap","●携帯に適した全長122mmのショートボディ。","楽天商品ページに全長根拠あり","https://www.amazon.co.jp/s?k=%E3%83%88%E3%83%B3%E3%83%9C%E9%89%9B%E7%AD%86%20%E5%8A%A0%E5%9C%A7%E5%BC%8F%E6%B2%B9%E6%80%A7%E3%83%9C%E3%83%BC%E3%83%AB%E3%83%9A%E3%83%B3%20%E3%82%A8%E3%82%A2%E3%83%97%E3%83%AC%E3%82%B9%20BC-AP","https://item.rakuten.co.jp/bunsute/bc-ap"
"121","duplicate","rakutenEvidence","トンボ鉛筆","エアプレス BC-AP","油性ボールペン エアプレス BC-AP -54 オレンジ / -12 フルブラック / -20 透明 / -52 イエロー 加圧ペン 速記 上向き筆記 湿った紙への筆記に効果 携帯用 高耐久 アウトドア グッドデザイン賞 油性インク 細字0.7mm ステンレスチップ","ボールペン","122","","Rakuten","https://item.rakuten.co.jp/bungushop/bcap","サイズ 最大幅21×全長122mm 重量15g 包装サイズ 幅55×厚さ15×全長191mm 重量20g 機構 ノック加圧式機構 仕様 軸:PMMA樹脂・エラストマー仕様 PMMA樹脂（透明）/クリップ:炭素鋼/0.7mmボール　ステンレスチップ 替芯 BR-SF33 特徴 どんな環境でも“確実に書ける”ことにこだわった加圧式ボールペンです。アウトドア、建設現場、防災用途、屋外メモなど、過酷なシーンに対応するタフな一本。優れたデザイン性と実用性を兼ね備え、本気で使える“現場仕様”ペンを求める方におすすめです。","楽天商品ページに全長根拠あり","https://www.amazon.co.jp/s?k=%E3%83%88%E3%83%B3%E3%83%9C%E9%89%9B%E7%AD%86%20%E6%B2%B9%E6%80%A7%E3%83%9C%E3%83%BC%E3%83%AB%E3%83%9A%E3%83%B3%20%E3%82%A8%E3%82%A2%E3%83%97%E3%83%AC%E3%82%B9%20BC-AP%20-54%20%E3%82%AA%E3%83%AC%E3%83%B3%E3%82%B8%20%2F%20-12%20%E3%83%95%E3%83%AB%E3%83%96%E3%83%A9%E3%83%83%E3%82%AF%20%2F%20-20%20%E9%80%8F%E6%98%8E%20%2F%20-52%20%E3%82%A4%E3%82%A8%E3%83%AD%E3%83%BC%20%E5%8A%A0%E5%9C%A7%E3%83%9A%E3%83%B3%20%E9%80%9F%E8%A8%98%20%E4%B8%8A%E5%90%91%E3%81%8D%E7%AD%86%E8%A8%98%20%E6%B9%BF%E3%81%A3%E3%81%9F%E7%B4%99%E3%81%B8%E3%81%AE%E7%AD%86%E8%A8%98%E3%81%AB%E5%8A%B9%E6%9E%9C%20%E6%90%BA%E5%B8%AF%E7%94%A8%20%E9%AB%98%E8%80%90%E4%B9%85%20%E3%82%A2%E3%82%A6%E3%83%88%E3%83%89%E3%82%A2%20%E3%82%B0%E3%83%83%E3%83%89%E3%83%87%E3%82%B6%E3%82%A4%E3%83%B3%E8%B3%9E%20%E6%B2%B9%E6%80%A7%E3%82%A4%E3%83%B3%E3%82%AF%20%E7%B4%B0%E5%AD%970.7mm%20%E3%82%B9%E3%83%86%E3%83%B3%E3%83%AC%E3%82%B9%E3%83%81%E3%83%83%E3%83%97","https://item.rakuten.co.jp/bungushop/bcap"
"122","active","official","パイロット","バーディ BS-40S","バーディ BS-40S","ボールペン","111","5.6","Official","https://webcatalog.pilot.co.jp/products/DispDetail.do?itemID=t000100000766&volumeName=00004","全長111mm、最大径φ5.6mm","PILOT公式ウェブカタログ","https://www.amazon.co.jp/s?k=%E3%83%91%E3%82%A4%E3%83%AD%E3%83%83%E3%83%88%20%E3%83%90%E3%83%BC%E3%83%87%E3%82%A3%20BS-40S","https://search.rakuten.co.jp/search/mall/%E3%83%91%E3%82%A4%E3%83%AD%E3%83%83%E3%83%88%20%E3%83%90%E3%83%BC%E3%83%87%E3%82%A3%20BS-40S/"
"123","active","official","パイロット","プレラ","プレラ","万年筆","120.4","13.4","Official","https://pilot.co.jp/products/pen/fountain/fountain/prera/","最大径φ13.4mm、全長120.4mm","PILOT公式商品ページ","https://www.amazon.co.jp/s?k=%E3%83%91%E3%82%A4%E3%83%AD%E3%83%83%E3%83%88%20%E3%83%97%E3%83%AC%E3%83%A9","https://search.rakuten.co.jp/search/mall/%E3%83%91%E3%82%A4%E3%83%AD%E3%83%83%E3%83%88%20%E3%83%97%E3%83%AC%E3%83%A9/"
"124","active","verifiedExternal","パイロット","Petit1","Petit1","万年筆","103","13","ManualVerification","","Knightswriting","ユーザー確認。PILOT公式では万年筆ではない旨の注意あり","https://www.amazon.co.jp/s?k=Pilot%20Petit1","https://search.rakuten.co.jp/search/mall/Pilot%20Petit1/"
"125","active","verifiedExternal","パイロット","バーディ HS-40S","Birdy HS-40S","シャープペン","111","5.6","ManualVerification","","複数販売店で111mm・最大径5.6mm","シャープペン追加候補。0.5mm","https://www.amazon.co.jp/s?k=Pilot%20Birdy%20HS-40S","https://search.rakuten.co.jp/search/mall/Pilot%20Birdy%20HS-40S/"
"126","active","verifiedExternal","パイロット","Elite 95s (E95s)","Elite 95s (E95s)","万年筆","117","12.8","ManualVerification","","JetPensほか複数ソース一致","ユーザー確認","https://www.amazon.co.jp/s?k=Pilot%20Elite%2095s%20(E95s)","https://search.rakuten.co.jp/search/mall/Pilot%20Elite%2095s%20(E95s)/"
"127","review","verifiedExternal","パイロット","Timeline","Timeline","ボールペン","124","","ManualVerification","","追加候補","ユーザー確認候補。M5向けとして人気とのこと","https://www.amazon.co.jp/s?k=Pilot%20Timeline","https://search.rakuten.co.jp/search/mall/Pilot%20Timeline/"
"128","review","needsReview","パイロット","ペチットワン","ペチットワン","","108","","OfficialCandidate","https://pilot.co.jp/products/pen/color_pen/petit1_n/","","公式商品ページは確認できるが、検索結果では全長108mmの公式寸法が未確認","https://www.amazon.co.jp/s?k=%E3%83%91%E3%82%A4%E3%83%AD%E3%83%83%E3%83%88%20%E3%83%9A%E3%83%81%E3%83%83%E3%83%88%E3%83%AF%E3%83%B3","https://search.rakuten.co.jp/search/mall/%E3%83%91%E3%82%A4%E3%83%AD%E3%83%83%E3%83%88%20%E3%83%9A%E3%83%81%E3%83%83%E3%83%88%E3%83%AF%E3%83%B3/"
"129","review","manasCandidate","パイロット","Petit2","Petit2","ボールペン","108","13.4","Manas","https://www.amazon.co.jp/s?k=pilot+petit2","","既存Manas候補。公式/販売店根拠は未確認","https://www.amazon.co.jp/s?k=pilot+petit2","https://search.rakuten.co.jp/search/mall/pilot+petit2/"
"130","review","manasCandidate","パイロット","Petit3","Petit3","ボールペン","108","13.4","Manas","https://www.amazon.co.jp/s?k=pilot+petit3","","既存Manas候補。公式/販売店根拠は未確認","https://www.amazon.co.jp/s?k=pilot+petit3","https://search.rakuten.co.jp/search/mall/pilot+petit3/"
"131","duplicate","rakutenEvidence","パイロット","バーディ BS-40S","バーディ 油性ボールペン BS-40S","ボールペン","111","5.6","Rakuten","https://item.rakuten.co.jp/stationery-goods/pilo0425","サイズ：最大径5.6mmｘ全長111mm","楽天商品ページに全長根拠あり","https://www.amazon.co.jp/s?k=%E3%83%91%E3%82%A4%E3%83%AD%E3%83%83%E3%83%88%20%E3%83%90%E3%83%BC%E3%83%87%E3%82%A3%20%E6%B2%B9%E6%80%A7%E3%83%9C%E3%83%BC%E3%83%AB%E3%83%9A%E3%83%B3%20BS-40S","https://item.rakuten.co.jp/stationery-goods/pilo0425"
"132","duplicate","rakutenEvidence","パイロット","バーディ BS-40S","油性ミニボールペン バーディ 0.7 シルバー ステンレス BS40SS","ボールペン","111","5.6","Rakuten","https://item.rakuten.co.jp/elimino/b006cqqpyq","ボール径0.7mm 方式ノック式 サイズ最大径φ5.6mm×全長111mm インキ油性インキ（黒）替芯BTRF-6F-B 軸ステンレス","楽天商品ページに全長根拠あり","https://www.amazon.co.jp/s?k=%E3%83%91%E3%82%A4%E3%83%AD%E3%83%83%E3%83%88%20%E6%B2%B9%E6%80%A7%E3%83%9F%E3%83%8B%E3%83%9C%E3%83%BC%E3%83%AB%E3%83%9A%E3%83%B3%20%E3%83%90%E3%83%BC%E3%83%87%E3%82%A3%200.7%20%E3%82%B7%E3%83%AB%E3%83%90%E3%83%BC%20%E3%82%B9%E3%83%86%E3%83%B3%E3%83%AC%E3%82%B9%20BS40SS","https://item.rakuten.co.jp/elimino/b006cqqpyq"
"133","duplicate","manasCandidate","パイロット","バーディ BS-40S","Birdy","ボールペン","112","7","Manas","https://www.amazon.co.jp/s?k=pilot+birdy+ballpoint","","既存Manas候補。公式/販売店根拠は未確認","https://www.amazon.co.jp/s?k=pilot+birdy+ballpoint","https://search.rakuten.co.jp/search/mall/pilot+birdy/"
"134","duplicate","manasCandidate","パイロット","プレラ","Prera","万年筆","120.4","13.4","Manas","https://www.amazon.co.jp/s?k=pilot+prera","","既存Manas候補。公式/販売店根拠は未確認","https://www.amazon.co.jp/s?k=pilot+prera","https://search.rakuten.co.jp/search/mall/pilot+prera/"
"135","active","verifiedExternal","ぺんてる","Sharp Kerry P1035","Sharp Kerry P1035","シャープペン","124","11.8","ManualVerification","https://www.jetpens.com/Pentel-Sharp-Kerry-Mechanical-Pencil-0.5-mm-Red-Body/pd/1311","JetPens：Length Capped 12.4cm、Diameter Max 11.8mm、Grip 9.0mm。国内販売店でも本体寸法125mm表記","追加調査。万年CIL《ケリー》。キャップ付きシャープペン","https://www.amazon.co.jp/s?k=Pentel%20Sharp%20Kerry%20P1035","https://search.rakuten.co.jp/search/mall/Pentel%20Sharp%20Kerry%20P1035/"
"136","review","manasCandidate","ぺんてる","EnerGel 115","EnerGel 115","ボールペン","115","11","Manas","https://www.amazon.co.jp/s?k=pentel+energel+115","","既存Manas候補。公式/販売店根拠は未確認","https://www.amazon.co.jp/s?k=pentel+energel+115","https://search.rakuten.co.jp/search/mall/pentel+energel/"
"137","review","manasCandidate","ぺんてる","Vicuna Feel (Compact version)","Vicuna Feel (Compact version)","ボールペン","125","10","Manas","https://www.amazon.co.jp/s?k=pentel+vicuna","","既存Manas候補。公式/販売店根拠は未確認","https://www.amazon.co.jp/s?k=pentel+vicuna","https://search.rakuten.co.jp/search/mall/pentel+vicuna/"
"138","active","official","三菱鉛筆","ユニボール ワン P","ユニボール ワン P","ボールペン","116.8","13.9","Official","https://www.mpuni.co.jp/products/ballpoint_pens/gel/uniball_one/one_P.html","軸径13.9×厚さ19.2×全長116.8mm","公式商品ページ/公式リリースで短寸サイズを確認","https://www.amazon.co.jp/s?k=%E4%B8%89%E8%8F%B1%E9%89%9B%E7%AD%86%20%E3%83%A6%E3%83%8B%E3%83%9C%E3%83%BC%E3%83%AB%20%E3%83%AF%E3%83%B3%20P","https://search.rakuten.co.jp/search/mall/%E4%B8%89%E8%8F%B1%E9%89%9B%E7%AD%86%20%E3%83%A6%E3%83%8B%E3%83%9C%E3%83%BC%E3%83%AB%20%E3%83%AF%E3%83%B3%20P/"
"139","active","official","三菱鉛筆","ユニボール ワン 3","ユニボール ワン 3","ボールペン","129","13.9","Official","https://www.mpuni.co.jp/special/one3/index.html","uni-ball one 3：全長129mm","公式特設ページでシリーズ比較寸法を確認。3色ボールペン","https://www.amazon.co.jp/s?k=%E4%B8%89%E8%8F%B1%E9%89%9B%E7%AD%86%20%E3%83%A6%E3%83%8B%E3%83%9C%E3%83%BC%E3%83%AB%20%E3%83%AF%E3%83%B3%203","https://search.rakuten.co.jp/search/mall/%E4%B8%89%E8%8F%B1%E9%89%9B%E7%AD%86%20%E3%83%A6%E3%83%8B%E3%83%9C%E3%83%BC%E3%83%AB%20%E3%83%AF%E3%83%B3%203/"
"140","active","verifiedExternal","三菱鉛筆","ユニボール ZENTO シグニチャーモデル","ユニボール ZENTO シグニチャーモデル","ボールペン","123.3","13.2","ManualVerification","https://www.mpuni.co.jp/products/ballpoint_pens/roller/zento/ubzh.html","公式商品ページあり。販売店複数でシグニチャーモデルは全長約120〜123.3mm、軸径約13.2mm","追加調査。ZENTO替芯付きone Pとは分け、ZENTOシグニチャーモデルのみ独立候補","https://www.amazon.co.jp/s?k=%E4%B8%89%E8%8F%B1%E9%89%9B%E7%AD%86%20%E3%83%A6%E3%83%8B%E3%83%9C%E3%83%BC%E3%83%AB%20ZENTO%20%E3%82%B7%E3%82%B0%E3%83%8B%E3%83%81%E3%83%A3%E3%83%BC%E3%83%A2%E3%83%87%E3%83%AB","https://search.rakuten.co.jp/search/mall/%E4%B8%89%E8%8F%B1%E9%89%9B%E7%AD%86%20%E3%83%A6%E3%83%8B%E3%83%9C%E3%83%BC%E3%83%AB%20ZENTO%20%E3%82%B7%E3%82%B0%E3%83%8B%E3%83%81%E3%83%A3%E3%83%BC%E3%83%A2%E3%83%87%E3%83%AB/"
"141","review","manasCandidate","三菱鉛筆","Jetstream Stylus","Jetstream Stylus","ボールペン","125","11","Manas","https://www.amazon.co.jp/s?k=jetstream+stylus","","既存Manas候補。公式/販売店根拠は未確認","https://www.amazon.co.jp/s?k=jetstream+stylus","https://search.rakuten.co.jp/search/mall/jetstream+stylus/"
"142","duplicate","rakutenEvidence","三菱鉛筆","ユニボール ワン P","ユニボールワンP 名入れ ミニボールペン ノート 手帳 プレゼント 女性 ボールペン プチギフト ノートセット ゲルインク 0.38mm 0.5mm 友達 退職 お礼 誕生日 敬老 敬老の日 母の日 2026","ボールペン","116.8","","Rakuten","https://item.rakuten.co.jp/nairebugyo/e06-43-104","軸径φ13.9　×　厚さ19.2　×　全長116.8mm","楽天商品ページに全長根拠あり","https://www.amazon.co.jp/s?k=%E4%B8%89%E8%8F%B1%E9%89%9B%E7%AD%86%20%E3%83%A6%E3%83%8B%E3%83%9C%E3%83%BC%E3%83%AB%E3%83%AF%E3%83%B3P%20%E5%90%8D%E5%85%A5%E3%82%8C%20%E3%83%9F%E3%83%8B%E3%83%9C%E3%83%BC%E3%83%AB%E3%83%9A%E3%83%B3%20%E3%83%8E%E3%83%BC%E3%83%88%20%E6%89%8B%E5%B8%B3%20%E3%83%97%E3%83%AC%E3%82%BC%E3%83%B3%E3%83%88%20%E5%A5%B3%E6%80%A7%20%E3%83%9C%E3%83%BC%E3%83%AB%E3%83%9A%E3%83%B3%20%E3%83%97%E3%83%81%E3%82%AE%E3%83%95%E3%83%88%20%E3%83%8E%E3%83%BC%E3%83%88%E3%82%BB%E3%83%83%E3%83%88%20%E3%82%B2%E3%83%AB%E3%82%A4%E3%83%B3%E3%82%AF%200.38mm%200.5mm%20%E5%8F%8B%E9%81%94%20%E9%80%80%E8%81%B7%20%E3%81%8A%E7%A4%BC%20%E8%AA%95%E7%94%9F%E6%97%A5%20%E6%95%AC%E8%80%81%20%E6%95%AC%E8%80%81%E3%81%AE%E6%97%A5%20%E6%AF%8D%E3%81%AE%E6%97%A5%202026","https://item.rakuten.co.jp/nairebugyo/e06-43-104"
"143","duplicate","rakutenEvidence","三菱鉛筆","ユニボール ワン P","限定テクスチャーカラー uni ball ZENTOユニボール ゼント / one P","ボールペン","116.8","","Rakuten","https://item.rakuten.co.jp/atn/354738","■サイズ：軸径13.9×厚さ19.2×全長116.8mm","楽天商品ページに全長根拠あり","https://www.amazon.co.jp/s?k=%E4%B8%89%E8%8F%B1%E9%89%9B%E7%AD%86%20%E9%99%90%E5%AE%9A%E3%83%86%E3%82%AF%E3%82%B9%E3%83%81%E3%83%A3%E3%83%BC%E3%82%AB%E3%83%A9%E3%83%BC%20uni%20ball%20ZENTO%E3%83%A6%E3%83%8B%E3%83%9C%E3%83%BC%E3%83%AB%20%E3%82%BC%E3%83%B3%E3%83%88%20%2F%20one%20P","https://item.rakuten.co.jp/atn/354738"
"144","active","verifiedExternal","大西製作所","セルロイド300シリーズBP ミニ","セルロイド300シリーズBP ミニ","ボールペン","110","11","ManualVerification","https://www.pen-house.net/item/20838.html","ペンハウス：長さ約110mm、最大胴軸径約11mmφ（クリップを除く）、重さ約13g","追加調査。手帳向けのセルロイド製ミニボールペン。販売ページは品切表示","https://www.amazon.co.jp/s?k=%E5%A4%A7%E8%A5%BF%E8%A3%BD%E4%BD%9C%E6%89%80%20%E3%82%BB%E3%83%AB%E3%83%AD%E3%82%A4%E3%83%89300%E3%82%B7%E3%83%AA%E3%83%BC%E3%82%BABP%20%E3%83%9F%E3%83%8B","https://search.rakuten.co.jp/search/mall/%E5%A4%A7%E8%A5%BF%E8%A3%BD%E4%BD%9C%E6%89%80%20%E3%82%BB%E3%83%AB%E3%83%AD%E3%82%A4%E3%83%89300%E3%82%B7%E3%83%AA%E3%83%BC%E3%82%BABP%20%E3%83%9F%E3%83%8B/"
"145","exclude","verifiedExternal","大西製作所","セルロイド400シリーズBP","セルロイド400シリーズBP","ボールペン","140","12","ManualVerification","https://www.pen-house.net/category/ONISHI_SEISAKUSHO_15/","ペンハウス等：長さ約140mm、最大胴軸径約12mmφ","追加調査。通常サイズのセルロイドボールペンは130mm超のため除外","https://www.amazon.co.jp/s?k=%E5%A4%A7%E8%A5%BF%E8%A3%BD%E4%BD%9C%E6%89%80%20%E3%82%BB%E3%83%AB%E3%83%AD%E3%82%A4%E3%83%89400%E3%82%B7%E3%83%AA%E3%83%BC%E3%82%BABP","https://search.rakuten.co.jp/search/mall/%E5%A4%A7%E8%A5%BF%E8%A3%BD%E4%BD%9C%E6%89%80%20%E3%82%BB%E3%83%AB%E3%83%AD%E3%82%A4%E3%83%89400%E3%82%B7%E3%83%AA%E3%83%BC%E3%82%BABP/"
