"id","brand","model","type","length","diameter","amazonUrl","rakutenUrl","imageUrl"
"1","Kaweco","Classic Sport","万年筆","105","13","https://www.amazon.co.jp/s?k=kaweco+sport+fountain+pen","https://search.rakuten.co.jp/search/mall/kaweco+sport/","https://m.media-amazon.com/images/I/61K-z5p-v9L._AC_SL1500_.jpg"
"2","Kaweco","Liliput","万年筆","97","10","https://www.amazon.co.jp/s?k=kaweco+liliput","https://search.rakuten.co.jp/search/mall/kaweco+liliput/","https://m.media-amazon.com/images/I/61L-z6p-v9L._AC_SL1500_.jpg"
"3","Kaweco","Supra","万年筆","100","12","https://www.amazon.co.jp/s?k=kaweco+supra","https://search.rakuten.co.jp/search/mall/kaweco+supra/","https://m.media-amazon.com/images/I/61M-z7p-v9L._AC_SL1500_.jpg"
"4","Pilot","Prera","万年筆","120.4","13.4","https://www.amazon.co.jp/s?k=pilot+prera","https://search.rakuten.co.jp/search/mall/pilot+prera/","https://m.media-amazon.com/images/I/61N-z8p-v9L._AC_SL1500_.jpg"
"5","Pilot","Elite 95s (E95s)","万年筆","119","12.9","https://www.amazon.co.jp/s?k=pilot+e95s","https://search.rakuten.co.jp/search/mall/pilot+e95s/","https://m.media-amazon.com/images/I/61O-z9p-v9L._AC_SL1500_.jpg"
"6","Pilot","Petit1","万年筆","108","13.4","https://www.amazon.co.jp/s?k=pilot+petit1","https://search.rakuten.co.jp/search/mall/pilot+petit1/","https://m.media-amazon.com/images/I/51w7p+8n-tL._AC_SL1000_.jpg"
"7","Sailor","Pro Gear Slim Mini","万年筆","106","17","https://www.amazon.co.jp/s?k=sailor+pro+gear+slim+mini","https://search.rakuten.co.jp/search/mall/sailor+pro+gear+slim+mini/","https://m.media-amazon.com/images/I/61P-z0p-v9L._AC_SL1500_.jpg"
"8","Sailor","Chalana","万年筆","122","6.5","https://www.amazon.co.jp/s?k=sailor+chalana","https://search.rakuten.co.jp/search/mall/sailor+chalana/","https://m.media-amazon.com/images/I/51m-z2o-S9L._AC_SL1500_.jpg"
"9","Platinum","Pocket (Vintage)","万年筆","115","12","https://www.amazon.co.jp/s?k=platinum+pocket+fountain+pen","https://search.rakuten.co.jp/search/mall/platinum+pocket/","https://m.media-amazon.com/images/I/61P-z2p-v9L._AC_SL1500_.jpg"
"10","Pelikan","M300","万年筆","110","11","https://www.amazon.co.jp/s?k=pelikan+m300","https://search.rakuten.co.jp/search/mall/pelikan+m300/","https://m.media-amazon.com/images/I/61R-z4p-v9L._AC_SL1500_.jpg"
"11","Montblanc","Mozart 114","万年筆","113","11","https://www.amazon.co.jp/s?k=montblanc+mozart+114","https://search.rakuten.co.jp/search/mall/montblanc+mozart/","https://m.media-amazon.com/images/I/61S-z3p-v9L._AC_SL1500_.jpg"
"12","Montblanc","Heritage Rouge et Noir Baby","万年筆","99","11.8","https://www.amazon.co.jp/s?k=montblanc+heritage+baby","https://search.rakuten.co.jp/search/mall/montblanc+heritage+baby/","https://m.media-amazon.com/images/I/61T-z4p-v9L._AC_SL1500_.jpg"
"13","Lamy","CP1 (Compact version)","万年筆","125","9.5","https://www.amazon.co.jp/s?k=lamy+cp1+fountain+pen","https://search.rakuten.co.jp/search/mall/lamy+cp1/","https://m.media-amazon.com/images/I/61U-z5p-v9L._AC_SL1500_.jpg"
"14","TWSBI","Mini","万年筆","118","14.3","https://www.amazon.co.jp/s?k=twsbi+mini","https://search.rakuten.co.jp/search/mall/twsbi+mini/","https://m.media-amazon.com/images/I/61Q-z1p-v9L._AC_SL1500_.jpg"
"15","TWSBI","Vac Mini","万年筆","125","15.1","https://www.amazon.co.jp/s?k=twsbi+vac+mini","https://search.rakuten.co.jp/search/mall/twsbi+vac+mini/","https://m.media-amazon.com/images/I/61R-z2p-v9L._AC_SL1500_.jpg"
"16","Opus 88","Mini Pocket","万年筆","118","15","https://www.amazon.co.jp/s?k=opus+88+mini","https://search.rakuten.co.jp/search/mall/opus+88+mini/","https://m.media-amazon.com/images/I/61V-z6p-v9L._AC_SL1500_.jpg"
"17","Opus 88","Fantasia","万年筆","115","14","https://www.amazon.co.jp/s?k=opus+88+fantasia","https://search.rakuten.co.jp/search/mall/opus+88+fantasia/","https://m.media-amazon.com/images/I/61V-z6p-v9L._AC_SL1500_.jpg"
"18","Moonman (Majohn)","Wancai Mini","万年筆","93","15","https://www.amazon.co.jp/s?k=moonman+wancai+mini","https://search.rakuten.co.jp/search/mall/moonman+wancai+mini/","https://m.media-amazon.com/images/I/61W-z3p-v9L._AC_SL1500_.jpg"
"19","Moonman (Majohn)","N2","万年筆","110","11","https://www.amazon.co.jp/s?k=moonman+n2","https://search.rakuten.co.jp/search/mall/moonman+n2/","https://m.media-amazon.com/images/I/61X-z4p-v9L._AC_SL1500_.jpg"
"20","Moonman (Majohn)","RS1","万年筆","108","12","https://www.amazon.co.jp/s?k=moonman+rs1","https://search.rakuten.co.jp/search/mall/moonman+rs1/","https://m.media-amazon.com/images/I/61Y-z5p-v9L._AC_SL1500_.jpg"
"21","Schon DSGN","Pocket Six","万年筆","90","14","https://www.amazon.co.jp/s?k=schon+dsgn+pocket+six","https://search.rakuten.co.jp/search/mall/schon+dsgn/","https://m.media-amazon.com/images/I/61U-z5p-v9L._AC_SL1500_.jpg"
"22","Ensso","Pocket Piuma","万年筆","100","15","https://www.amazon.co.jp/s?k=ensso+pocket+piuma","https://search.rakuten.co.jp/search/mall/ensso/","https://m.media-amazon.com/images/I/61W-z3p-v9L._AC_SL1500_.jpg"
"23","Ensso","Xs Minimalist","万年筆","95","10","https://www.amazon.co.jp/s?k=ensso+xs","https://search.rakuten.co.jp/search/mall/ensso/","https://m.media-amazon.com/images/I/61X-z4p-v9L._AC_SL1500_.jpg"
"24","Esterbrook","JR Pocket","万年筆","125","12.5","https://www.amazon.co.jp/s?k=esterbrook+jr","https://search.rakuten.co.jp/search/mall/esterbrook+jr/","https://m.media-amazon.com/images/I/61S-z3p-v9L._AC_SL1500_.jpg"
"25","Monteverde","MVP","万年筆","102","11.5","https://www.amazon.co.jp/s?k=monteverde+mvp","https://search.rakuten.co.jp/search/mall/monteverde+mvp/","https://m.media-amazon.com/images/I/61T-z4p-v9L._AC_SL1500_.jpg"
"26","Conklin","Minigraph","万年筆","100","12","https://www.amazon.co.jp/s?k=conklin+minigraph","https://search.rakuten.co.jp/search/mall/conklin+minigraph/","https://m.media-amazon.com/images/I/61U-z5p-v9L._AC_SL1500_.jpg"
"27","Ohto","Tasche","万年筆","99","9.8","https://www.amazon.co.jp/s?k=ohto+tasche","https://search.rakuten.co.jp/search/mall/ohto+tasche/","https://m.media-amazon.com/images/I/61H+V-K8XkL._AC_SL1500_.jpg"
"28","Traveler's Company","Brass Fountain Pen","万年筆","102","11","https://www.amazon.co.jp/s?k=traveler%27s+company+brass+fountain+pen","https://search.rakuten.co.jp/search/mall/traveler%27s+company+brass/","https://m.media-amazon.com/images/I/61W-z3p-v9L._AC_SL1500_.jpg"
"29","BigIDesign","Fountain EDC","万年筆","97","11.5","https://www.amazon.co.jp/s?k=bigidesign+fountain+edc","https://search.rakuten.co.jp/search/mall/bigidesign/","https://m.media-amazon.com/images/I/61X-z4p-v9L._AC_SL1500_.jpg"
"30","Gravitas Pens","Pocket","万年筆","100","14","https://www.amazon.co.jp/s?k=gravitas+pocket+pen","https://search.rakuten.co.jp/search/mall/gravitas/","https://m.media-amazon.com/images/I/61Y-z5p-v9L._AC_SL1500_.jpg"
"31","Gravitas Pens","Quark","万年筆","85","12","https://www.amazon.co.jp/s?k=gravitas+quark","https://search.rakuten.co.jp/search/mall/gravitas/","https://m.media-amazon.com/images/I/61Z-z6p-v9L._AC_SL1500_.jpg"
"32","Benu","Minima","万年筆","125","15","https://www.amazon.co.jp/s?k=benu+minima","https://search.rakuten.co.jp/search/mall/benu+minima/","https://m.media-amazon.com/images/I/61A-z7p-v9L._AC_SL1500_.jpg"
"33","Namisu","N1","万年筆","100","12","https://www.amazon.co.jp/s?k=namisu+n1","https://search.rakuten.co.jp/search/mall/namisu/","https://m.media-amazon.com/images/I/61B-z8p-v9L._AC_SL1500_.jpg"
"34","Namisu","N2","万年筆","110","13","https://www.amazon.co.jp/s?k=namisu+n2","https://search.rakuten.co.jp/search/mall/namisu/","https://m.media-amazon.com/images/I/61C-z9p-v9L._AC_SL1500_.jpg"
"35","Campo Marzio","Minny","万年筆","105","13","https://www.amazon.co.jp/s?k=campo+marzio+minny","https://search.rakuten.co.jp/search/mall/campo+marzio/","https://m.media-amazon.com/images/I/61D-z0p-v9L._AC_SL1500_.jpg"
"36","Stipula","Passaporto","万年筆","90","14","https://www.amazon.co.jp/s?k=stipula+passaporto","https://search.rakuten.co.jp/search/mall/stipula/","https://m.media-amazon.com/images/I/61E-z1p-v9L._AC_SL1500_.jpg"
"37","Montegrappa","Gnomo","万年筆","80","12","https://www.amazon.co.jp/s?k=montegrappa+gnomo","https://search.rakuten.co.jp/search/mall/montegrappa/","https://m.media-amazon.com/images/I/61F-z2p-v9L._AC_SL1500_.jpg"
"38","Loclen","Tiny","万年筆","90","11","https://www.amazon.co.jp/s?k=loclen+tiny","https://search.rakuten.co.jp/search/mall/loclen/","https://m.media-amazon.com/images/I/61G-z3p-v9L._AC_SL1500_.jpg"
"39","Wancher","PuChiCo","万年筆","110","12","https://www.amazon.co.jp/s?k=wancher+puchico","https://search.rakuten.co.jp/search/mall/wancher/","https://m.media-amazon.com/images/I/61H-z4p-v9L._AC_SL1500_.jpg"
"40","Penbbs","471","万年筆","100","14","https://www.amazon.co.jp/s?k=penbbs+471","https://search.rakuten.co.jp/search/mall/penbbs+471/","https://m.media-amazon.com/images/I/61I-z5p-v9L._AC_SL1500_.jpg"
"41","Delike","Element","万年筆","120","12","https://www.amazon.co.jp/s?k=delike+element","https://search.rakuten.co.jp/search/mall/delike/","https://m.media-amazon.com/images/I/61J-z6p-v9L._AC_SL1500_.jpg"
"42","Lanbitou","3009 (Space Pocket)","万年筆","115","11","https://www.amazon.co.jp/s?k=lanbitou+3009","https://search.rakuten.co.jp/search/mall/lanbitou/","https://m.media-amazon.com/images/I/61K-z7p-v9L._AC_SL1500_.jpg"
"43","Aurora","Optima Mini","万年筆","114","13","https://www.amazon.co.jp/s?k=aurora+optima+mini","https://search.rakuten.co.jp/search/mall/aurora+optima/","https://m.media-amazon.com/images/I/61L-z8p-v9L._AC_SL1500_.jpg"
"44","Laban","Pocket","万年筆","110","12","https://www.amazon.co.jp/s?k=laban+pocket","https://search.rakuten.co.jp/search/mall/laban/","https://m.media-amazon.com/images/I/61M-z9p-v9L._AC_SL1500_.jpg"
"45","Worther","Compact","万年筆","110","13","https://www.amazon.co.jp/s?k=worther+compact","https://search.rakuten.co.jp/search/mall/worther/","https://m.media-amazon.com/images/I/61N-z0p-v9L._AC_SL1500_.jpg"
"46","Waldmann","Voyager","万年筆","115","11.5","https://www.amazon.co.jp/s?k=waldmann+voyager","https://search.rakuten.co.jp/search/mall/waldmann/","https://m.media-amazon.com/images/I/61O-z1p-v9L._AC_SL1500_.jpg"
"47","Toms Studio","The Studio Pocket","万年筆","100","12","https://www.amazon.co.jp/s?k=toms+studio+pocket","https://search.rakuten.co.jp/search/mall/toms+studio/","https://m.media-amazon.com/images/I/61P-z2p-v9L._AC_SL1500_.jpg"
"48","Shibui North","Pocket Fox","万年筆","105","13","https://www.amazon.co.jp/s?k=shibui+north","https://search.rakuten.co.jp/search/mall/shibui+north/","https://m.media-amazon.com/images/I/61Q-z3p-v9L._AC_SL1500_.jpg"
"49","Carolina Pen Company","Asheville","万年筆","115","14","https://www.amazon.co.jp/s?k=carolina+pen+company","https://search.rakuten.co.jp/search/mall/carolina+pen/","https://m.media-amazon.com/images/I/61R-z4p-v9L._AC_SL1500_.jpg"
"50","Charles Lethaby","ION Compact","万年筆","110","12","https://www.amazon.co.jp/s?k=charles+lethaby","https://search.rakuten.co.jp/search/mall/charles+lethaby/","https://m.media-amazon.com/images/I/61S-z5p-v9L._AC_SL1500_.jpg"
"51","Fisher","Bullet Space Pen","ボールペン","95.8","9.7","https://www.amazon.co.jp/s?k=fisher+space+pen+bullet","https://search.rakuten.co.jp/search/mall/fisher+space+pen+bullet/","https://m.media-amazon.com/images/I/51B38Y7X7XL._AC_SL1500_.jpg"
"52","Zebra","SL-F1 Mini","ボールペン","84","8.1","https://www.amazon.co.jp/s?k=zebra+sl-f1+mini","https://search.rakuten.co.jp/search/mall/zebra+sl-f1+mini/","https://m.media-amazon.com/images/I/51w7p+8n-tL._AC_SL1000_.jpg"
"53","Zebra","F-301 Compact","ボールペン","98","9.7","https://www.amazon.co.jp/s?k=zebra+f-301+compact","https://search.rakuten.co.jp/search/mall/zebra+f-301+compact/","https://m.media-amazon.com/images/I/71Y+z9p9mTL._AC_SL1500_.jpg"
"54","Zebra","T-3","ボールペン","100","5","https://www.amazon.co.jp/s?k=zebra+t-3+ballpoint","https://search.rakuten.co.jp/search/mall/zebra+t-3/","https://m.media-amazon.com/images/I/51m-z2o-S9L._AC_SL1500_.jpg"
"55","Pilot","Birdy","ボールペン","112","7","https://www.amazon.co.jp/s?k=pilot+birdy+ballpoint","https://search.rakuten.co.jp/search/mall/pilot+birdy/","https://m.media-amazon.com/images/I/51m-z2o-S9L._AC_SL1500_.jpg"
"56","Ohto","Petit-B","ボールペン","79","6","https://www.amazon.co.jp/s?k=ohto+petit-b","https://search.rakuten.co.jp/search/mall/ohto+petit-b/","https://m.media-amazon.com/images/I/61H+V-K8XkL._AC_SL1500_.jpg"
"57","Ohto","Pieni","ボールペン","124.5","7.9","https://www.amazon.co.jp/s?k=ohto+pieni","https://search.rakuten.co.jp/search/mall/ohto+pieni/","https://m.media-amazon.com/images/I/61S-r5p-v9L._AC_SL1500_.jpg"
"58","Ohto","Rook","ボールペン","103","11","https://www.amazon.co.jp/s?k=ohto+rook","https://search.rakuten.co.jp/search/mall/ohto+rook/","https://m.media-amazon.com/images/I/61Y-z6p-v9L._AC_SL1500_.jpg"
"59","Ohto","Minimo","ボールペン","91","3.7","https://www.amazon.co.jp/s?k=ohto+minimo","https://search.rakuten.co.jp/search/mall/ohto+minimo/","https://m.media-amazon.com/images/I/61Z-z7p-v9L._AC_SL1500_.jpg"
"60","Penco","Perfection Bullet","ボールペン","93","13","https://www.amazon.co.jp/s?k=penco+bullet+ballpoint","https://search.rakuten.co.jp/search/mall/penco+bullet+ballpoint/","https://m.media-amazon.com/images/I/61P-z2p-v9L._AC_SL1500_.jpg"
"61","Tombow","Reporter 4 Compact","ボールペン","117","16.4","https://www.amazon.co.jp/s?k=tombow+reporter+4+compact","https://search.rakuten.co.jp/search/mall/tombow+reporter+4+compact/","https://m.media-amazon.com/images/I/61R-z4p-v9L._AC_SL1500_.jpg"
"62","Tombow","On-Book","ボールペン","123","6.5","https://www.amazon.co.jp/s?k=tombow+on-book","https://search.rakuten.co.jp/search/mall/tombow+on-book/","https://m.media-amazon.com/images/I/61S-z5p-v9L._AC_SL1500_.jpg"
"63","Lamy","Pico","ボールペン","93","12.1","https://www.amazon.co.jp/s?k=lamy+pico","https://search.rakuten.co.jp/search/mall/lamy+pico/","https://m.media-amazon.com/images/I/61T-z6p-v9L._AC_SL1500_.jpg"
"64","Lamy","Scribble","ボールペン","120","13","https://www.amazon.co.jp/s?k=lamy+scribble","https://search.rakuten.co.jp/search/mall/lamy+scribble/","https://m.media-amazon.com/images/I/61U-z7p-v9L._AC_SL1500_.jpg"
"65","Caran d'Ache","849 Ballpoint","ボールペン","128","9","https://www.amazon.co.jp/s?k=caran+d%27ache+849","https://search.rakuten.co.jp/search/mall/caran+d%27ache+849/","https://m.media-amazon.com/images/I/61V-z8p-v9L._AC_SL1500_.jpg"
"66","Parker","Jotter","ボールペン","128","10","https://www.amazon.co.jp/s?k=parker+jotter","https://search.rakuten.co.jp/search/mall/parker+jotter/","https://m.media-amazon.com/images/I/61W-z9p-v9L._AC_SL1500_.jpg"
"67","Cross","Ion","ボールペン","90","13","https://www.amazon.co.jp/s?k=cross+ion+pen","https://search.rakuten.co.jp/search/mall/cross+ion/","https://m.media-amazon.com/images/I/61X-z0p-v9L._AC_SL1500_.jpg"
"68","Kaweco","Sport Ballpoint","ボールペン","105","13","https://www.amazon.co.jp/s?k=kaweco+sport+ballpoint","https://search.rakuten.co.jp/search/mall/kaweco+sport/","https://m.media-amazon.com/images/I/61Y-z1p-v9L._AC_SL1500_.jpg"
"69","Kaweco","Liliput Ballpoint","ボールペン","97","10","https://www.amazon.co.jp/s?k=kaweco+liliput+ballpoint","https://search.rakuten.co.jp/search/mall/kaweco+liliput/","https://m.media-amazon.com/images/I/61Z-z2p-v9L._AC_SL1500_.jpg"
"70","Rotring","Esprit Telescoping","ボールペン","105","10","https://www.amazon.co.jp/s?k=rotring+esprit+pen","https://search.rakuten.co.jp/search/mall/rotring+esprit/","https://m.media-amazon.com/images/I/61A-z3p-v9L._AC_SL1500_.jpg"
"71","Rite in the Rain","Trekker","ボールペン","100","11","https://www.amazon.co.jp/s?k=rite+in+the+rain+trekker","https://search.rakuten.co.jp/search/mall/rite+in+the+rain/","https://m.media-amazon.com/images/I/61B-z4p-v9L._AC_SL1500_.jpg"
"72","Pokka Pens","Pokka Pen","ボールペン","83","11","https://www.amazon.co.jp/s?k=pokka+pens","https://search.rakuten.co.jp/search/mall/pokka+pens/","https://pokkapens.com/cdn/shop/products/Pokka_Pen_Black_800x.jpg"
"73","Platinum","BGMQ-100","ボールペン","130","13.3","https://www.amazon.co.jp/s?k=platinum+bgmq-100","https://search.rakuten.co.jp/search/mall/platinum+bgmq-100/","https://m.media-amazon.com/images/I/61C-z5p-v9L._AC_SL1500_.jpg"
"74","Platinum","Pocket (Vintage BP)","ボールペン","115","10","https://www.amazon.co.jp/s?k=platinum+pocket+ballpoint","https://search.rakuten.co.jp/search/mall/platinum+pocket/","https://m.media-amazon.com/images/I/61D-z6p-v9L._AC_SL1500_.jpg"
"75","Pilot","Petit2","ボールペン","108","13.4","https://www.amazon.co.jp/s?k=pilot+petit2","https://search.rakuten.co.jp/search/mall/pilot+petit2/","https://m.media-amazon.com/images/I/61E-z7p-v9L._AC_SL1500_.jpg"
"76","Pilot","Petit3","ボールペン","108","13.4","https://www.amazon.co.jp/s?k=pilot+petit3","https://search.rakuten.co.jp/search/mall/pilot+petit3/","https://m.media-amazon.com/images/I/61F-z8p-v9L._AC_SL1500_.jpg"
"77","Pentel","EnerGel 115","ボールペン","115","11","https://www.amazon.co.jp/s?k=pentel+energel+115","https://search.rakuten.co.jp/search/mall/pentel+energel/","https://m.media-amazon.com/images/I/61G-z9p-v9L._AC_SL1500_.jpg"
"78","Mitsubishi Uni","Jetstream Stylus","ボールペン","125","11","https://www.amazon.co.jp/s?k=jetstream+stylus","https://search.rakuten.co.jp/search/mall/jetstream+stylus/","https://m.media-amazon.com/images/I/61H-z0p-v9L._AC_SL1500_.jpg"
"79","BigIDesign","Pocket Pro","ボールペン","104","11","https://www.amazon.co.jp/s?k=bigidesign+pocket+pro","https://search.rakuten.co.jp/search/mall/bigidesign/","https://m.media-amazon.com/images/I/61I-z1p-v9L._AC_SL1500_.jpg"
"80","BigIDesign","Ti Click EDC","ボールペン","118","11","https://www.amazon.co.jp/s?k=bigidesign+ti+click","https://search.rakuten.co.jp/search/mall/bigidesign/","https://m.media-amazon.com/images/I/61J-z2p-v9L._AC_SL1500_.jpg"
"81","Tactile Turn","Mini Side Click","ボールペン","117","11","https://www.amazon.co.jp/s?k=tactile+turn+mini","https://search.rakuten.co.jp/search/mall/tactile+turn/","https://m.media-amazon.com/images/I/61K-z3p-v9L._AC_SL1500_.jpg"
"82","Tactile Turn","Mini Bolt Action","ボールペン","112","11","https://www.amazon.co.jp/s?k=tactile+turn+mini","https://search.rakuten.co.jp/search/mall/tactile+turn/","https://m.media-amazon.com/images/I/61L-z4p-v9L._AC_SL1500_.jpg"
"83","Boker","Plus K.I.D. cal .50","ボールペン","109","13","https://www.amazon.co.jp/s?k=boker+plus+kid+pen","https://search.rakuten.co.jp/search/mall/boker/","https://m.media-amazon.com/images/I/61M-z5p-v9L._AC_SL1500_.jpg"
"84","Boker","Plus Rocket Pen","ボールペン","107","12","https://www.amazon.co.jp/s?k=boker+plus+rocket+pen","https://search.rakuten.co.jp/search/mall/boker/","https://m.media-amazon.com/images/I/61N-z6p-v9L._AC_SL1500_.jpg"
"85","CountyComm","Ti Embassy Pen","ボールペン","130","12","https://www.amazon.co.jp/s?k=embassy+pen","https://search.rakuten.co.jp/search/mall/countycomm/","https://m.media-amazon.com/images/I/61O-z7p-v9L._AC_SL1500_.jpg"
"86","Schon DSGN","Classic Machined Pen","ボールペン","101","12.7","https://www.amazon.co.jp/s?k=schon+dsgn+pen","https://search.rakuten.co.jp/search/mall/schon+dsgn/","https://m.media-amazon.com/images/I/61P-z8p-v9L._AC_SL1500_.jpg"
"87","Inventery Co","Pocket Bolt Action","ボールペン","100","11","https://www.amazon.co.jp/s?k=inventery+bolt+action","https://search.rakuten.co.jp/search/mall/inventery/","https://m.media-amazon.com/images/I/61Q-z9p-v9L._AC_SL1500_.jpg"
"88","Machine Era","Original Pen","ボールペン","117","11","https://www.amazon.co.jp/s?k=machine+era+pen","https://search.rakuten.co.jp/search/mall/machine+era/","https://m.media-amazon.com/images/I/61R-z0p-v9L._AC_SL1500_.jpg"
"89","The Right Choice Painting Co","Pocket Bolt Action","ボールペン","100","11","https://www.amazon.co.jp/s?k=pocket+bolt+action+pen","https://search.rakuten.co.jp/search/mall/right+choice/","https://m.media-amazon.com/images/I/61S-z1p-v9L._AC_SL1500_.jpg"
"90","Bastion","Mini Bolt Action","ボールペン","115","11","https://www.amazon.co.jp/s?k=bastion+mini+bolt+action","https://search.rakuten.co.jp/search/mall/bastion/","https://m.media-amazon.com/images/I/61T-z2p-v9L._AC_SL1500_.jpg"
"91","Refyne","EP1","ボールペン","115","11","https://www.amazon.co.jp/s?k=refyne+ep1","https://search.rakuten.co.jp/search/mall/refyne/","https://m.media-amazon.com/images/I/61U-z3p-v9L._AC_SL1500_.jpg"
"92","Urban Survival Gear","TiScribe-Go Mini","ボールペン","120","10","https://www.amazon.co.jp/s?k=tiscribe+pen","https://search.rakuten.co.jp/search/mall/urban+survival/","https://m.media-amazon.com/images/I/61V-z4p-v9L._AC_SL1500_.jpg"
"93","Ti2 Design","Techliner Shorty","ボールペン","120","11","https://www.amazon.co.jp/s?k=techliner+pen","https://search.rakuten.co.jp/search/mall/ti2+design/","https://m.media-amazon.com/images/I/61W-z5p-v9L._AC_SL1500_.jpg"
"94","Sunderland Machine Works","mk1 (Short)","ボールペン","125","11","https://www.amazon.co.jp/s?k=sunderland+mk1","https://search.rakuten.co.jp/search/mall/sunderland/","https://m.media-amazon.com/images/I/61X-z6p-v9L._AC_SL1500_.jpg"
"95","Karst","Pocket Pen","ボールペン","110","10","https://www.amazon.co.jp/s?k=karst+pocket+pen","https://search.rakuten.co.jp/search/mall/karst/","https://m.media-amazon.com/images/I/61Y-z7p-v9L._AC_SL1500_.jpg"
"96","Bellroy","Notetaker","ボールペン","122","10","https://www.amazon.co.jp/s?k=bellroy+notetaker","https://search.rakuten.co.jp/search/mall/bellroy/","https://m.media-amazon.com/images/I/61Z-z8p-v9L._AC_SL1500_.jpg"
"97","Moleskine","Go Pen","ボールペン","125","10","https://www.amazon.co.jp/s?k=moleskine+go+pen","https://search.rakuten.co.jp/search/mall/moleskine/","https://m.media-amazon.com/images/I/61A-z9p-v9L._AC_SL1500_.jpg"
"98","Traveler's Company","Brass Ballpoint Pen","ボールペン","99","11","https://www.amazon.co.jp/s?k=traveler%27s+company+brass+ballpoint+pen","https://search.rakuten.co.jp/search/mall/traveler%27s+company+brass/","https://m.media-amazon.com/images/I/61W-z3p-v9L._AC_SL1500_.jpg"
"99","Lamy","Tipo","ボールペン","128","11","https://www.amazon.co.jp/s?k=lamy+tipo","https://search.rakuten.co.jp/search/mall/lamy+tipo/","https://m.media-amazon.com/images/I/61B-z0p-v9L._AC_SL1500_.jpg"
"100","Pentel","Vicuna Feel (Compact version)","ボールペン","125","10","https://www.amazon.co.jp/s?k=pentel+vicuna","https://search.rakuten.co.jp/search/mall/pentel+vicuna/","https://m.media-amazon.com/images/I/61C-z1p-v9L._AC_SL1500_.jpg"
